{
    "0": {
        "best_parameters": "split:00 n_estimators:635 learning_rate:0.11558812603670246 subsample:0.8003927509806736 max_depth:7 colsample_bytree:0.5563797068767526 gamma:0.1 min_child_weight:5 ",
        "test_balanced_acc": 0.407844148571254,
        "train_balanced_acc": 0.5805845897926734
    },
    "1": {
        "best_parameters": "split:01 n_estimators:227 learning_rate:0.35981827368882285 subsample:0.43091753139918665 max_depth:8 colsample_bytree:0.875128725253643 gamma:0.1 min_child_weight:3 ",
        "test_balanced_acc": 0.5720716944282146,
        "train_balanced_acc": 0.5582410113919415
    },
    "10": {
        "best_parameters": "split:10 n_estimators:166 learning_rate:0.5384522137349351 subsample:0.6343998156417541 max_depth:8 colsample_bytree:0.5442250992304085 gamma:0.3 min_child_weight:5 ",
        "test_balanced_acc": 0.4511017708691649,
        "train_balanced_acc": 0.5856164457747407
    },
    "11": {
        "best_parameters": "split:11 n_estimators:617 learning_rate:0.31983617513358786 subsample:0.8655178711054441 max_depth:8 colsample_bytree:0.7318983269225858 gamma:0.4 min_child_weight:5 ",
        "test_balanced_acc": 0.49759540068017777,
        "train_balanced_acc": 0.5911642144752725
    },
    "12": {
        "best_parameters": "split:12 n_estimators:206 learning_rate:0.40997763356336875 subsample:0.7967672863874726 max_depth:9 colsample_bytree:0.8910898953072466 gamma:0.4 min_child_weight:11 ",
        "test_balanced_acc": 0.5165053321905452,
        "train_balanced_acc": 0.5737436595344391
    },
    "13": {
        "best_parameters": "split:13 n_estimators:313 learning_rate:0.27577783139856094 subsample:0.5500100354622792 max_depth:9 colsample_bytree:0.513176805812309 gamma:0.1 min_child_weight:11 ",
        "test_balanced_acc": 0.45478587565033096,
        "train_balanced_acc": 0.5716845166590162
    },
    "14": {
        "best_parameters": "split:14 n_estimators:156 learning_rate:0.30798557733106363 subsample:0.41546059166107957 max_depth:7 colsample_bytree:0.8680776563521224 gamma:0.0 min_child_weight:3 ",
        "test_balanced_acc": 0.5254097857062604,
        "train_balanced_acc": 0.5686831307037432
    },
    "15": {
        "best_parameters": "split:15 n_estimators:382 learning_rate:0.42323333164367294 subsample:0.7812556809217168 max_depth:8 colsample_bytree:0.5587099075394663 gamma:0.4 min_child_weight:3 ",
        "test_balanced_acc": 0.5098465365703891,
        "train_balanced_acc": 0.5925053933060717
    },
    "16": {
        "best_parameters": "split:16 n_estimators:534 learning_rate:0.04742166609906741 subsample:0.40942097959678414 max_depth:9 colsample_bytree:0.7147311543326736 gamma:0.4 min_child_weight:5 ",
        "test_balanced_acc": 0.501654965718274,
        "train_balanced_acc": 0.5735007428480065
    },
    "17": {
        "best_parameters": "split:17 n_estimators:445 learning_rate:0.429657465208661 subsample:0.718798476152282 max_depth:6 colsample_bytree:0.8376602849927652 gamma:0.3 min_child_weight:3 ",
        "test_balanced_acc": 0.5185842579688784,
        "train_balanced_acc": 0.5700399393287637
    },
    "18": {
        "best_parameters": "split:18 n_estimators:369 learning_rate:0.10443759644380779 subsample:0.7230063685582211 max_depth:9 colsample_bytree:0.8167812243126134 gamma:0.0 min_child_weight:3 ",
        "test_balanced_acc": 0.48368116812564904,
        "train_balanced_acc": 0.5731676695407862
    },
    "19": {
        "best_parameters": "split:19 n_estimators:222 learning_rate:0.5091778413551004 subsample:0.6526080676858483 max_depth:7 colsample_bytree:0.7869080226607209 gamma:0.1 min_child_weight:1 ",
        "test_balanced_acc": 0.4983115337904933,
        "train_balanced_acc": 0.5642550966672528
    },
    "2": {
        "best_parameters": "split:02 n_estimators:788 learning_rate:0.03440079814656457 subsample:0.4245280018903784 max_depth:4 colsample_bytree:0.8073216487265337 gamma:0.1 min_child_weight:11 ",
        "test_balanced_acc": 0.4954393487515505,
        "train_balanced_acc": 0.5517050394962076
    },
    "20": {
        "best_parameters": "split:20 n_estimators:675 learning_rate:0.015153032407887498 subsample:0.6970440301184349 max_depth:9 colsample_bytree:0.7599236948055941 gamma:0.1 min_child_weight:7 ",
        "test_balanced_acc": 0.5341167847837162,
        "train_balanced_acc": 0.5775216661946879
    },
    "21": {
        "best_parameters": "split:21 n_estimators:529 learning_rate:0.3574159775291564 subsample:0.6585982193100703 max_depth:9 colsample_bytree:0.6197640700350153 gamma:0.0 min_child_weight:7 ",
        "test_balanced_acc": 0.4824697582840148,
        "train_balanced_acc": 0.5912069984623312
    },
    "22": {
        "best_parameters": "split:22 n_estimators:162 learning_rate:0.1800150430128229 subsample:0.387890856950295 max_depth:4 colsample_bytree:0.8832650265644113 gamma:0.2 min_child_weight:3 ",
        "test_balanced_acc": 0.44689789150074155,
        "train_balanced_acc": 0.5655009001392778
    },
    "23": {
        "best_parameters": "split:23 n_estimators:392 learning_rate:0.15559119870417173 subsample:0.5307410069428726 max_depth:6 colsample_bytree:0.8284346264873163 gamma:0.4 min_child_weight:3 ",
        "test_balanced_acc": 0.45599986887446314,
        "train_balanced_acc": 0.545291224528322
    },
    "24": {
        "best_parameters": "split:24 n_estimators:449 learning_rate:0.25686897157401917 subsample:0.7651234019290141 max_depth:9 colsample_bytree:0.6855788585095293 gamma:0.1 min_child_weight:9 ",
        "test_balanced_acc": 0.5412178610743008,
        "train_balanced_acc": 0.5814529159064349
    },
    "25": {
        "best_parameters": "split:25 n_estimators:434 learning_rate:0.24876814718502976 subsample:0.5760002861440408 max_depth:6 colsample_bytree:0.8381169273572691 gamma:0.1 min_child_weight:9 ",
        "test_balanced_acc": 0.4953544415310042,
        "train_balanced_acc": 0.5603513575705752
    },
    "26": {
        "best_parameters": "split:26 n_estimators:466 learning_rate:0.5301056976906646 subsample:0.3551184905058609 max_depth:8 colsample_bytree:0.6274535159880337 gamma:0.3 min_child_weight:3 ",
        "test_balanced_acc": 0.4940492087440076,
        "train_balanced_acc": 0.5735857076028377
    },
    "27": {
        "best_parameters": "split:27 n_estimators:287 learning_rate:0.05897498787116587 subsample:0.7987985815297536 max_depth:9 colsample_bytree:0.5900169521613265 gamma:0.1 min_child_weight:9 ",
        "test_balanced_acc": 0.4192536571178951,
        "train_balanced_acc": 0.5882982101262887
    },
    "28": {
        "best_parameters": "split:28 n_estimators:465 learning_rate:0.340928736156445 subsample:0.7691924979126796 max_depth:9 colsample_bytree:0.8673480976425637 gamma:0.0 min_child_weight:11 ",
        "test_balanced_acc": 0.46537308196178806,
        "train_balanced_acc": 0.5794679284895422
    },
    "29": {
        "best_parameters": "split:29 n_estimators:469 learning_rate:0.2062939409562077 subsample:0.7879278019870926 max_depth:7 colsample_bytree:0.6723498266963976 gamma:0.2 min_child_weight:3 ",
        "test_balanced_acc": 0.47140034573216605,
        "train_balanced_acc": 0.5860332733917476
    },
    "3": {
        "best_parameters": "split:03 n_estimators:495 learning_rate:0.410515300533813 subsample:0.8710357605080519 max_depth:7 colsample_bytree:0.6772763649747852 gamma:0.2 min_child_weight:11 ",
        "test_balanced_acc": 0.44581152699691073,
        "train_balanced_acc": 0.5578804676277264
    },
    "30": {
        "best_parameters": "split:30 n_estimators:351 learning_rate:0.4283101173037195 subsample:0.8900950396546874 max_depth:9 colsample_bytree:0.7672436126679794 gamma:0.3 min_child_weight:11 ",
        "test_balanced_acc": 0.49202500125093035,
        "train_balanced_acc": 0.5732871872816455
    },