{
    "0": {
        "best_parameters": "split:00 n_estimators:456 learning_rate:0.3778253318080884 subsample:0.697891944925238 max_depth:6 colsample_bytree:0.5380580862224069 gamma:0.2 min_child_weight:5 ",
        "test_balanced_acc": 0.5027333322016306,
        "train_balanced_acc": 0.8442562269590773
    },
    "1": {
        "best_parameters": "split:01 n_estimators:402 learning_rate:0.03787991687707471 subsample:0.43120515135674786 max_depth:6 colsample_bytree:0.8619491505018642 gamma:0.2 min_child_weight:5 ",
        "test_balanced_acc": 0.7090252084694942,
        "train_balanced_acc": 0.7909463299571469
    },
    "10": {
        "best_parameters": "split:10 n_estimators:774 learning_rate:0.11141053654453018 subsample:0.521882904975025 max_depth:8 colsample_bytree:0.6473557537522832 gamma:0.4 min_child_weight:3 ",
        "test_balanced_acc": 0.6087399082160526,
        "train_balanced_acc": 0.9034958650877228
    },
    "11": {
        "best_parameters": "split:11 n_estimators:584 learning_rate:0.14923806112791727 subsample:0.41145177092952634 max_depth:5 colsample_bytree:0.5267204505960723 gamma:0.0 min_child_weight:3 ",
        "test_balanced_acc": 0.661244966495718,
        "train_balanced_acc": 0.8199766216085965
    },
    "12": {
        "best_parameters": "split:12 n_estimators:547 learning_rate:0.1807715961634999 subsample:0.7989163229722096 max_depth:5 colsample_bytree:0.8115533042317712 gamma:0.3 min_child_weight:3 ",
        "test_balanced_acc": 0.6466274721807596,
        "train_balanced_acc": 0.8418593819886716
    },
    "13": {
        "best_parameters": "split:13 n_estimators:625 learning_rate:0.09037686497181348 subsample:0.6570399753834808 max_depth:9 colsample_bytree:0.8108437002833193 gamma:0.1 min_child_weight:9 ",
        "test_balanced_acc": 0.5920938975500213,
        "train_balanced_acc": 0.9075794615601601
    },
    "14": {
        "best_parameters": "split:14 n_estimators:560 learning_rate:0.2025137985468202 subsample:0.763092015851522 max_depth:6 colsample_bytree:0.8201945617606874 gamma:0.0 min_child_weight:9 ",
        "test_balanced_acc": 0.6364807079643665,
        "train_balanced_acc": 0.8631750177926154
    },
    "15": {
        "best_parameters": "split:15 n_estimators:226 learning_rate:0.16609665139467802 subsample:0.800980560885515 max_depth:8 colsample_bytree:0.793389982602311 gamma:0.0 min_child_weight:1 ",
        "test_balanced_acc": 0.5133264510114351,
        "train_balanced_acc": 0.7788897443529214
    },
    "16": {
        "best_parameters": "split:16 n_estimators:390 learning_rate:0.04075900261530996 subsample:0.7348837680540192 max_depth:9 colsample_bytree:0.7793121170753603 gamma:0.3 min_child_weight:11 ",
        "test_balanced_acc": 0.5353109542902171,
        "train_balanced_acc": 0.8652842894121875
    },
    "17": {
        "best_parameters": "split:17 n_estimators:389 learning_rate:0.026575022772189434 subsample:0.5431956403240985 max_depth:9 colsample_bytree:0.8201359494087687 gamma:0.2 min_child_weight:7 ",
        "test_balanced_acc": 0.5001876067149612,
        "train_balanced_acc": 0.7699798880704268
    },
    "18": {
        "best_parameters": "split:18 n_estimators:725 learning_rate:0.12707739001471394 subsample:0.5457349264420368 max_depth:5 colsample_bytree:0.5830975438661306 gamma:0.3 min_child_weight:1 ",
        "test_balanced_acc": 0.5637500071661276,
        "train_balanced_acc": 0.779858764852702
    },
    "19": {
        "best_parameters": "split:19 n_estimators:525 learning_rate:0.1402287280651453 subsample:0.8039695089919723 max_depth:8 colsample_bytree:0.8032506176459657 gamma:0.0 min_child_weight:3 ",
        "test_balanced_acc": 0.6392427291163115,
        "train_balanced_acc": 0.870036282924861
    },
    "2": {
        "best_parameters": "split:02 n_estimators:207 learning_rate:0.0440491912327798 subsample:0.7749324915904574 max_depth:8 colsample_bytree:0.7942152010279621 gamma:0.2 min_child_weight:1 ",
        "test_balanced_acc": 0.629811869322713,
        "train_balanced_acc": 0.8638695001237338
    },
    "20": {
        "best_parameters": "split:20 n_estimators:437 learning_rate:0.05923178452413208 subsample:0.8734468439769192 max_depth:6 colsample_bytree:0.507556438420208 gamma:0.0 min_child_weight:7 ",
        "test_balanced_acc": 0.6482296354271627,
        "train_balanced_acc": 0.853008596682407
    },
    "21": {
        "best_parameters": "split:21 n_estimators:481 learning_rate:0.2689786981984899 subsample:0.5951084028170828 max_depth:9 colsample_bytree:0.8657274163927777 gamma:0.3 min_child_weight:1 ",
        "test_balanced_acc": 0.5367880830746593,
        "train_balanced_acc": 0.8778303008697973
    },
    "22": {
        "best_parameters": "split:22 n_estimators:789 learning_rate:0.13404899593023092 subsample:0.8073207996023009 max_depth:6 colsample_bytree:0.6138199788995614 gamma:0.2 min_child_weight:5 ",
        "test_balanced_acc": 0.568099238285371,
        "train_balanced_acc": 0.8461110959550032
    },
    "23": {
        "best_parameters": "split:23 n_estimators:542 learning_rate:0.08292436555998053 subsample:0.8840144203740616 max_depth:9 colsample_bytree:0.5229038738631415 gamma:0.4 min_child_weight:5 ",
        "test_balanced_acc": 0.5667521320701453,
        "train_balanced_acc": 0.9085522078792101
    },
    "24": {
        "best_parameters": "split:24 n_estimators:691 learning_rate:0.03465760351508307 subsample:0.8334198244438262 max_depth:7 colsample_bytree:0.7183591540144796 gamma:0.0 min_child_weight:3 ",
        "test_balanced_acc": 0.683476734339982,
        "train_balanced_acc": 0.9038998056418829
    },
    "25": {
        "best_parameters": "split:25 n_estimators:653 learning_rate:0.11140568554524116 subsample:0.43936836520571865 max_depth:6 colsample_bytree:0.8074178370394638 gamma:0.3 min_child_weight:5 ",
        "test_balanced_acc": 0.6207379335029639,
        "train_balanced_acc": 0.872394405477022
    },
    "26": {
        "best_parameters": "split:26 n_estimators:781 learning_rate:0.06282858379615176 subsample:0.34928248781371274 max_depth:9 colsample_bytree:0.6807007115749696 gamma:0.2 min_child_weight:5 ",
        "test_balanced_acc": 0.6216969670751183,
        "train_balanced_acc": 0.8525208232439095
    },
    "27": {
        "best_parameters": "split:27 n_estimators:242 learning_rate:0.06496477026544478 subsample:0.8447471390623031 max_depth:9 colsample_bytree:0.547835589966767 gamma:0.4 min_child_weight:11 ",
        "test_balanced_acc": 0.6584237245622546,
        "train_balanced_acc": 0.8898366899433642
    },
    "28": {
        "best_parameters": "split:28 n_estimators:374 learning_rate:0.05069462976618747 subsample:0.7238227545672871 max_depth:9 colsample_bytree:0.6455007113423993 gamma:0.0 min_child_weight:9 ",
        "test_balanced_acc": 0.5660550670132551,
        "train_balanced_acc": 0.8806282966003051
    },
    "29": {
        "best_parameters": "split:29 n_estimators:644 learning_rate:0.062289936977057335 subsample:0.8465212028710847 max_depth:8 colsample_bytree:0.6634846135290196 gamma:0.1 min_child_weight:1 ",
        "test_balanced_acc": 0.5695114905276568,
        "train_balanced_acc": 0.8954527316056106
    },
    "3": {
        "best_parameters": "split:03 n_estimators:342 learning_rate:0.21323146578161 subsample:0.8232120105582401 max_depth:8 colsample_bytree:0.8901080554922858 gamma:0.3 min_child_weight:9 ",
        "test_balanced_acc": 0.5506695593972115,
        "train_balanced_acc": 0.8216008730135028
    },
    "30": {
        "best_parameters": "split:30 n_estimators:780 learning_rate:0.13806111575655675 subsample:0.6668724687510974 max_depth:7 colsample_bytree:0.8584139658389591 gamma:0.3 min_child_weight:11 ",
        "test_balanced_acc": 0.5758315071885644,
        "train_balanced_acc": 0.8207308415168214
    },