{
    "0": {
        "best_parameters": "split:00 n_estimators:370 learning_rate:0.012252181521844537 subsample:0.5541227768677626 max_depth:7 colsample_bytree:0.8086006757438282 gamma:0.4 min_child_weight:3 ",
        "test_balanced_acc": 0.5170189690020873,
        "train_balanced_acc": 0.8396907006310098
    },
    "1": {
        "best_parameters": "split:01 n_estimators:603 learning_rate:0.03518458770309953 subsample:0.634874454469781 max_depth:6 colsample_bytree:0.5942763833987066 gamma:0.0 min_child_weight:9 ",
        "test_balanced_acc": 0.7325752061521049,
        "train_balanced_acc": 0.8713789587139827
    },
    "10": {
        "best_parameters": "split:10 n_estimators:633 learning_rate:0.1498617866719925 subsample:0.5925302175186384 max_depth:5 colsample_bytree:0.6438280345513594 gamma:0.0 min_child_weight:1 ",
        "test_balanced_acc": 0.6116045293304658,
        "train_balanced_acc": 0.9034167596653718
    },
    "11": {
        "best_parameters": "split:11 n_estimators:668 learning_rate:0.16685810799463538 subsample:0.8613578936762332 max_depth:3 colsample_bytree:0.671095842941891 gamma:0.0 min_child_weight:1 ",
        "test_balanced_acc": 0.6799776340376712,
        "train_balanced_acc": 0.8415420923745116
    },
    "12": {
        "best_parameters": "split:12 n_estimators:623 learning_rate:0.13780317558961608 subsample:0.7058735426707314 max_depth:6 colsample_bytree:0.7716683171734606 gamma:0.0 min_child_weight:11 ",
        "test_balanced_acc": 0.6720775009877635,
        "train_balanced_acc": 0.8957539140228442
    },
    "13": {
        "best_parameters": "split:13 n_estimators:168 learning_rate:0.16113894493866016 subsample:0.5535470797288282 max_depth:9 colsample_bytree:0.8387018565778159 gamma:0.4 min_child_weight:11 ",
        "test_balanced_acc": 0.6064768119591308,
        "train_balanced_acc": 0.9221596178022112
    },
    "14": {
        "best_parameters": "split:14 n_estimators:363 learning_rate:0.11439126449518144 subsample:0.699864101574208 max_depth:5 colsample_bytree:0.8340032546237767 gamma:0.3 min_child_weight:7 ",
        "test_balanced_acc": 0.6435342093331853,
        "train_balanced_acc": 0.8811236852877581
    },
    "15": {
        "best_parameters": "split:15 n_estimators:611 learning_rate:0.026391790230622318 subsample:0.7159787679969374 max_depth:8 colsample_bytree:0.8306224370130162 gamma:0.4 min_child_weight:11 ",
        "test_balanced_acc": 0.5184716614445456,
        "train_balanced_acc": 0.8273720976211036
    },
    "16": {
        "best_parameters": "split:16 n_estimators:253 learning_rate:0.0885418606613279 subsample:0.7081117422652463 max_depth:9 colsample_bytree:0.8362664642942292 gamma:0.2 min_child_weight:1 ",
        "test_balanced_acc": 0.5241688324870545,
        "train_balanced_acc": 0.8707534773427187
    },
    "17": {
        "best_parameters": "split:17 n_estimators:634 learning_rate:0.016602733799752543 subsample:0.573301173989671 max_depth:7 colsample_bytree:0.7539889777527153 gamma:0.3 min_child_weight:5 ",
        "test_balanced_acc": 0.5148493642603201,
        "train_balanced_acc": 0.8100409833541512
    },
    "18": {
        "best_parameters": "split:18 n_estimators:686 learning_rate:0.11204846238035931 subsample:0.7738898939384276 max_depth:7 colsample_bytree:0.861518233677473 gamma:0.3 min_child_weight:9 ",
        "test_balanced_acc": 0.5970546377665326,
        "train_balanced_acc": 0.8839299255236476
    },
    "19": {
        "best_parameters": "split:19 n_estimators:400 learning_rate:0.10541698591209468 subsample:0.7244327698659748 max_depth:5 colsample_bytree:0.6218942073469823 gamma:0.1 min_child_weight:1 ",
        "test_balanced_acc": 0.6340937800403418,
        "train_balanced_acc": 0.8802740439317738
    },
    "2": {
        "best_parameters": "split:02 n_estimators:439 learning_rate:0.09496962031203546 subsample:0.8267829898563808 max_depth:3 colsample_bytree:0.7973455778122351 gamma:0.3 min_child_weight:3 ",
        "test_balanced_acc": 0.6202416661740817,
        "train_balanced_acc": 0.8013513000580734
    },
    "20": {
        "best_parameters": "split:20 n_estimators:638 learning_rate:0.11415509612790996 subsample:0.7869393229902593 max_depth:5 colsample_bytree:0.8703830294009125 gamma:0.3 min_child_weight:1 ",
        "test_balanced_acc": 0.6498335045403106,
        "train_balanced_acc": 0.9316664270780769
    },
    "21": {
        "best_parameters": "split:21 n_estimators:534 learning_rate:0.06259401178791604 subsample:0.5238796768507883 max_depth:9 colsample_bytree:0.7267456752420871 gamma:0.4 min_child_weight:9 ",
        "test_balanced_acc": 0.5472968786606179,
        "train_balanced_acc": 0.8348953383295665
    },
    "22": {
        "best_parameters": "split:22 n_estimators:609 learning_rate:0.07758952678909588 subsample:0.7340320719883877 max_depth:6 colsample_bytree:0.7540439431931261 gamma:0.3 min_child_weight:9 ",
        "test_balanced_acc": 0.5848236044308659,
        "train_balanced_acc": 0.9035154697681816
    },
    "23": {
        "best_parameters": "split:23 n_estimators:738 learning_rate:0.027263546222555494 subsample:0.3353156205243441 max_depth:8 colsample_bytree:0.5629721270303542 gamma:0.2 min_child_weight:3 ",
        "test_balanced_acc": 0.5348942652544657,
        "train_balanced_acc": 0.9266705655302708
    },
    "24": {
        "best_parameters": "split:24 n_estimators:615 learning_rate:0.048863317108208064 subsample:0.8704170796658499 max_depth:4 colsample_bytree:0.742888723039056 gamma:0.2 min_child_weight:5 ",
        "test_balanced_acc": 0.6932155530708367,
        "train_balanced_acc": 0.8372533001954737
    },
    "25": {
        "best_parameters": "split:25 n_estimators:544 learning_rate:0.06461881928304133 subsample:0.7439911619351739 max_depth:9 colsample_bytree:0.7600939753044896 gamma:0.4 min_child_weight:5 ",
        "test_balanced_acc": 0.609341744932305,
        "train_balanced_acc": 0.9609915080860497
    },
    "26": {
        "best_parameters": "split:26 n_estimators:292 learning_rate:0.17974265200491896 subsample:0.7901593210221055 max_depth:8 colsample_bytree:0.5930389679225404 gamma:0.4 min_child_weight:9 ",
        "test_balanced_acc": 0.6346373641141182,
        "train_balanced_acc": 0.9334630380031436
    },
    "27": {
        "best_parameters": "split:27 n_estimators:596 learning_rate:0.05107707403264138 subsample:0.7156220726265876 max_depth:8 colsample_bytree:0.6273452207409576 gamma:0.0 min_child_weight:3 ",
        "test_balanced_acc": 0.6736366188260972,
        "train_balanced_acc": 0.9805654391989734
    },
    "28": {
        "best_parameters": "split:28 n_estimators:352 learning_rate:0.07948456927450262 subsample:0.8965111451914223 max_depth:8 colsample_bytree:0.5900399873215835 gamma:0.4 min_child_weight:1 ",
        "test_balanced_acc": 0.5676334348427803,
        "train_balanced_acc": 0.9320847507956177
    },
    "29": {
        "best_parameters": "split:29 n_estimators:585 learning_rate:0.07613813431411011 subsample:0.8338011978445397 max_depth:7 colsample_bytree:0.8696887630060033 gamma:0.3 min_child_weight:9 ",
        "test_balanced_acc": 0.5849745662806805,
        "train_balanced_acc": 0.9213388064372564
    },
    "3": {
        "best_parameters": "split:03 n_estimators:241 learning_rate:0.05926357214020607 subsample:0.6621098859909372 max_depth:6 colsample_bytree:0.7268506061758137 gamma:0.0 min_child_weight:3 ",
        "test_balanced_acc": 0.547793200368423,
        "train_balanced_acc": 0.8749855090195373
    },
    "30": {
        "best_parameters": "split:30 n_estimators:440 learning_rate:0.0706278056953177 subsample:0.4924885364225148 max_depth:8 colsample_bytree:0.5951055500508046 gamma:0.0 min_child_weight:11 ",
        "test_balanced_acc": 0.5689720992745725,
        "train_balanced_acc": 0.8577903917345314
    },