{
    "0": {
        "best_parameters": "split:00 n_estimators:294 learning_rate:0.13789280189136546 subsample:0.890886990253392 max_depth:5 colsample_bytree:0.7417121214079487 gamma:0.2 min_child_weight:5 ",
        "test_balanced_acc": 0.4838955506973705,
        "train_balanced_acc": 0.7486767446835714
    },
    "1": {
        "best_parameters": "split:01 n_estimators:188 learning_rate:0.058967199469189796 subsample:0.4853663962418704 max_depth:9 colsample_bytree:0.846257474183108 gamma:0.1 min_child_weight:3 ",
        "test_balanced_acc": 0.6683283311599356,
        "train_balanced_acc": 0.7991883592743106
    },
    "10": {
        "best_parameters": "split:10 n_estimators:427 learning_rate:0.06814281979606876 subsample:0.33519285227977186 max_depth:8 colsample_bytree:0.6093254778544382 gamma:0.1 min_child_weight:3 ",
        "test_balanced_acc": 0.544659528381023,
        "train_balanced_acc": 0.7763542429717631
    },
    "11": {
        "best_parameters": "split:11 n_estimators:529 learning_rate:0.10256803471704071 subsample:0.5074521006884369 max_depth:5 colsample_bytree:0.5836994302416942 gamma:0.2 min_child_weight:5 ",
        "test_balanced_acc": 0.5768300840556227,
        "train_balanced_acc": 0.7242175141314094
    },
    "12": {
        "best_parameters": "split:12 n_estimators:683 learning_rate:0.0448176780489134 subsample:0.7168886495200737 max_depth:8 colsample_bytree:0.567547158410737 gamma:0.2 min_child_weight:5 ",
        "test_balanced_acc": 0.5749513728579009,
        "train_balanced_acc": 0.8244678022155624
    },
    "13": {
        "best_parameters": "split:13 n_estimators:707 learning_rate:0.02261613646602579 subsample:0.6040624553221313 max_depth:9 colsample_bytree:0.5307649219104952 gamma:0.4 min_child_weight:5 ",
        "test_balanced_acc": 0.534106335864409,
        "train_balanced_acc": 0.8092238200988424
    },
    "14": {
        "best_parameters": "split:14 n_estimators:482 learning_rate:0.09713419285461408 subsample:0.5908687948449787 max_depth:6 colsample_bytree:0.6491951341633824 gamma:0.1 min_child_weight:1 ",
        "test_balanced_acc": 0.5835585577997519,
        "train_balanced_acc": 0.7439653482052204
    },
    "15": {
        "best_parameters": "split:15 n_estimators:736 learning_rate:0.019478251588956587 subsample:0.3748479253894091 max_depth:9 colsample_bytree:0.6777820032294483 gamma:0.3 min_child_weight:3 ",
        "test_balanced_acc": 0.546333740067067,
        "train_balanced_acc": 0.8017386427209682
    },
    "16": {
        "best_parameters": "split:16 n_estimators:656 learning_rate:0.0442694619030035 subsample:0.63927434092991 max_depth:6 colsample_bytree:0.7476624397366141 gamma:0.2 min_child_weight:1 ",
        "test_balanced_acc": 0.5535643911033632,
        "train_balanced_acc": 0.7373597254656143
    },
    "17": {
        "best_parameters": "split:17 n_estimators:478 learning_rate:0.4661981740642175 subsample:0.4491050661628403 max_depth:3 colsample_bytree:0.5374230356348036 gamma:0.4 min_child_weight:3 ",
        "test_balanced_acc": 0.5647419860417258,
        "train_balanced_acc": 0.6839868389423774
    },
    "18": {
        "best_parameters": "split:18 n_estimators:156 learning_rate:0.21895599800249438 subsample:0.6162557431775497 max_depth:6 colsample_bytree:0.8716631752236161 gamma:0.0 min_child_weight:11 ",
        "test_balanced_acc": 0.5442744309498623,
        "train_balanced_acc": 0.6940896853933086
    },
    "19": {
        "best_parameters": "split:19 n_estimators:611 learning_rate:0.08637564922324711 subsample:0.7977306063337433 max_depth:6 colsample_bytree:0.6276387505311586 gamma:0.4 min_child_weight:9 ",
        "test_balanced_acc": 0.5532535986709162,
        "train_balanced_acc": 0.7510816516112309
    },
    "2": {
        "best_parameters": "split:02 n_estimators:727 learning_rate:0.035002416604149045 subsample:0.8698750798935786 max_depth:8 colsample_bytree:0.7877088186242251 gamma:0.3 min_child_weight:11 ",
        "test_balanced_acc": 0.5510447204036402,
        "train_balanced_acc": 0.7894318941862185
    },
    "20": {
        "best_parameters": "split:20 n_estimators:644 learning_rate:0.3462193626999403 subsample:0.8975198081578846 max_depth:3 colsample_bytree:0.7463820169968214 gamma:0.0 min_child_weight:11 ",
        "test_balanced_acc": 0.5752280557786092,
        "train_balanced_acc": 0.7035537919946667
    },
    "21": {
        "best_parameters": "split:21 n_estimators:368 learning_rate:0.042693423875469025 subsample:0.7160640571926372 max_depth:9 colsample_bytree:0.8140929209375728 gamma:0.1 min_child_weight:5 ",
        "test_balanced_acc": 0.5174095259079502,
        "train_balanced_acc": 0.8115557477439171
    },
    "22": {
        "best_parameters": "split:22 n_estimators:274 learning_rate:0.17410631991246023 subsample:0.49366253698164664 max_depth:4 colsample_bytree:0.5683372653006927 gamma:0.2 min_child_weight:3 ",
        "test_balanced_acc": 0.5203302019215555,
        "train_balanced_acc": 0.7273074401596235
    },
    "23": {
        "best_parameters": "split:23 n_estimators:403 learning_rate:0.021976947294772523 subsample:0.3887273013323724 max_depth:7 colsample_bytree:0.5628234782509136 gamma:0.4 min_child_weight:9 ",
        "test_balanced_acc": 0.5161521977095173,
        "train_balanced_acc": 0.714191355506359
    },
    "24": {
        "best_parameters": "split:24 n_estimators:568 learning_rate:0.20600594787896317 subsample:0.5481794886474871 max_depth:3 colsample_bytree:0.7621121584002308 gamma:0.1 min_child_weight:3 ",
        "test_balanced_acc": 0.6257674073518102,
        "train_balanced_acc": 0.7095392798688356
    },
    "25": {
        "best_parameters": "split:25 n_estimators:797 learning_rate:0.062325912643575884 subsample:0.4436775879811733 max_depth:5 colsample_bytree:0.5189237573107185 gamma:0.0 min_child_weight:1 ",
        "test_balanced_acc": 0.5570044174699439,
        "train_balanced_acc": 0.7272311002423661
    },
    "26": {
        "best_parameters": "split:26 n_estimators:510 learning_rate:0.018941940445646545 subsample:0.5182174949975552 max_depth:9 colsample_bytree:0.6117750667237769 gamma:0.4 min_child_weight:5 ",
        "test_balanced_acc": 0.5560563288995645,
        "train_balanced_acc": 0.8017412975772618
    },
    "27": {
        "best_parameters": "split:27 n_estimators:342 learning_rate:0.04414307937618919 subsample:0.41185584368431083 max_depth:9 colsample_bytree:0.6556384525243256 gamma:0.4 min_child_weight:3 ",
        "test_balanced_acc": 0.4458246301494482,
        "train_balanced_acc": 0.7268545670449787
    },
    "28": {
        "best_parameters": "split:28 n_estimators:269 learning_rate:0.13338053404119127 subsample:0.8711630160267672 max_depth:7 colsample_bytree:0.5176688999124881 gamma:0.2 min_child_weight:5 ",
        "test_balanced_acc": 0.531826551664068,
        "train_balanced_acc": 0.7833090064345906
    },
    "29": {
        "best_parameters": "split:29 n_estimators:199 learning_rate:0.22438904315866703 subsample:0.7084509888606247 max_depth:4 colsample_bytree:0.6114120159969385 gamma:0.2 min_child_weight:5 ",
        "test_balanced_acc": 0.5340491762339242,
        "train_balanced_acc": 0.7043739611140091
    },
    "3": {
        "best_parameters": "split:03 n_estimators:716 learning_rate:0.09010783320098843 subsample:0.8902689583996901 max_depth:7 colsample_bytree:0.8588084956556401 gamma:0.2 min_child_weight:1 ",
        "test_balanced_acc": 0.5329686874576217,
        "train_balanced_acc": 0.7816916819204263
    },
    "30": {
        "best_parameters": "split:30 n_estimators:273 learning_rate:0.1105212052137989 subsample:0.7873885198639001 max_depth:9 colsample_bytree:0.6326235100533255 gamma:0.4 min_child_weight:9 ",
        "test_balanced_acc": 0.5297319378329991,
        "train_balanced_acc": 0.7718875914512945
    },