{
    "0": {
        "best_parameters": "split:00 n_estimators:603 learning_rate:0.05718905828631264 subsample:0.4048749748453116 max_depth:6 colsample_bytree:0.5097293162956249 gamma:0.2 min_child_weight:9 ",
        "test_balanced_acc": 0.5079830241892416,
        "train_balanced_acc": 0.7934722797873931
    },
    "1": {
        "best_parameters": "split:01 n_estimators:429 learning_rate:0.16438754600504962 subsample:0.6574840530937858 max_depth:5 colsample_bytree:0.524282173044366 gamma:0.1 min_child_weight:3 ",
        "test_balanced_acc": 0.7005416645878698,
        "train_balanced_acc": 0.8544802415501747
    },
    "10": {
        "best_parameters": "split:10 n_estimators:723 learning_rate:0.1904161379262804 subsample:0.7300885690842518 max_depth:3 colsample_bytree:0.7724189912903605 gamma:0.3 min_child_weight:11 ",
        "test_balanced_acc": 0.5557659135871368,
        "train_balanced_acc": 0.7267693064426087
    },
    "11": {
        "best_parameters": "split:11 n_estimators:520 learning_rate:0.3982644973180924 subsample:0.5629513198047551 max_depth:3 colsample_bytree:0.7800153594003876 gamma:0.0 min_child_weight:9 ",
        "test_balanced_acc": 0.5974743983924103,
        "train_balanced_acc": 0.7077513206884337
    },
    "12": {
        "best_parameters": "split:12 n_estimators:370 learning_rate:0.1301626546344901 subsample:0.5524485707542444 max_depth:6 colsample_bytree:0.8555701518692824 gamma:0.3 min_child_weight:7 ",
        "test_balanced_acc": 0.5866826286955263,
        "train_balanced_acc": 0.8159580317108409
    },
    "13": {
        "best_parameters": "split:13 n_estimators:566 learning_rate:0.0851950709155506 subsample:0.6757870795499323 max_depth:6 colsample_bytree:0.5839686827249709 gamma:0.0 min_child_weight:7 ",
        "test_balanced_acc": 0.5639903725100096,
        "train_balanced_acc": 0.8242893641768174
    },
    "14": {
        "best_parameters": "split:14 n_estimators:567 learning_rate:0.08584578839341388 subsample:0.5758907179289559 max_depth:7 colsample_bytree:0.7121162550699695 gamma:0.4 min_child_weight:5 ",
        "test_balanced_acc": 0.6044461279879791,
        "train_balanced_acc": 0.8124609734959466
    },
    "15": {
        "best_parameters": "split:15 n_estimators:174 learning_rate:0.19614488182288423 subsample:0.8272862680420567 max_depth:6 colsample_bytree:0.5128169054302306 gamma:0.1 min_child_weight:3 ",
        "test_balanced_acc": 0.5503327320338116,
        "train_balanced_acc": 0.8480752382201474
    },
    "16": {
        "best_parameters": "split:16 n_estimators:584 learning_rate:0.03830579268544556 subsample:0.5717095727988993 max_depth:6 colsample_bytree:0.5293926824762168 gamma:0.0 min_child_weight:5 ",
        "test_balanced_acc": 0.5678962615948123,
        "train_balanced_acc": 0.7896024631685753
    },
    "17": {
        "best_parameters": "split:17 n_estimators:557 learning_rate:0.022407678463215612 subsample:0.5458813948074217 max_depth:9 colsample_bytree:0.6448505256126228 gamma:0.0 min_child_weight:11 ",
        "test_balanced_acc": 0.5961023185393358,
        "train_balanced_acc": 0.8286426415431283
    },
    "18": {
        "best_parameters": "split:18 n_estimators:274 learning_rate:0.030519377334298554 subsample:0.5065676667653489 max_depth:8 colsample_bytree:0.726132824592126 gamma:0.1 min_child_weight:11 ",
        "test_balanced_acc": 0.554336952532871,
        "train_balanced_acc": 0.7732716966744859
    },
    "19": {
        "best_parameters": "split:19 n_estimators:351 learning_rate:0.07682582118482312 subsample:0.735064815525737 max_depth:8 colsample_bytree:0.8099402726515343 gamma:0.3 min_child_weight:5 ",
        "test_balanced_acc": 0.5840697388295912,
        "train_balanced_acc": 0.8704700444872704
    },
    "2": {
        "best_parameters": "split:02 n_estimators:611 learning_rate:0.030220691028690398 subsample:0.5913217596931204 max_depth:8 colsample_bytree:0.6414997943662945 gamma:0.3 min_child_weight:11 ",
        "test_balanced_acc": 0.5732313342540819,
        "train_balanced_acc": 0.822918911868407
    },
    "20": {
        "best_parameters": "split:20 n_estimators:543 learning_rate:0.0777178702428573 subsample:0.8456250019988742 max_depth:7 colsample_bytree:0.5262132028727678 gamma:0.4 min_child_weight:5 ",
        "test_balanced_acc": 0.5977125197278909,
        "train_balanced_acc": 0.8853327192179914
    },
    "21": {
        "best_parameters": "split:21 n_estimators:752 learning_rate:0.05188494727896129 subsample:0.6042526369157217 max_depth:5 colsample_bytree:0.5725350958313475 gamma:0.2 min_child_weight:3 ",
        "test_balanced_acc": 0.5355425475191534,
        "train_balanced_acc": 0.7869148577716012
    },
    "22": {
        "best_parameters": "split:22 n_estimators:629 learning_rate:0.1594223873287053 subsample:0.7462484774990963 max_depth:7 colsample_bytree:0.595081512492676 gamma:0.1 min_child_weight:7 ",
        "test_balanced_acc": 0.5471336220431566,
        "train_balanced_acc": 0.85134330318811
    },
    "23": {
        "best_parameters": "split:23 n_estimators:710 learning_rate:0.11493677430013839 subsample:0.7633987814030134 max_depth:8 colsample_bytree:0.6223959059354756 gamma:0.1 min_child_weight:1 ",
        "test_balanced_acc": 0.5225685780134222,
        "train_balanced_acc": 0.8283702943251899
    },
    "24": {
        "best_parameters": "split:24 n_estimators:593 learning_rate:0.05423102791692237 subsample:0.5355756693059108 max_depth:8 colsample_bytree:0.7504372723069368 gamma:0.3 min_child_weight:1 ",
        "test_balanced_acc": 0.647738791517476,
        "train_balanced_acc": 0.9054995794402902
    },
    "25": {
        "best_parameters": "split:25 n_estimators:437 learning_rate:0.1937971282765675 subsample:0.6737623043472022 max_depth:3 colsample_bytree:0.5872509759395487 gamma:0.2 min_child_weight:5 ",
        "test_balanced_acc": 0.5627379908064899,
        "train_balanced_acc": 0.7214264380588844
    },
    "26": {
        "best_parameters": "split:26 n_estimators:511 learning_rate:0.04692879338512011 subsample:0.5887949364691794 max_depth:7 colsample_bytree:0.5251381184116379 gamma:0.4 min_child_weight:11 ",
        "test_balanced_acc": 0.5675220245653759,
        "train_balanced_acc": 0.8223571086707335
    },
    "27": {
        "best_parameters": "split:27 n_estimators:609 learning_rate:0.026378998862181785 subsample:0.6221826550643565 max_depth:9 colsample_bytree:0.8671749802740136 gamma:0.1 min_child_weight:5 ",
        "test_balanced_acc": 0.46436090791877144,
        "train_balanced_acc": 0.7890324304272435
    },
    "28": {
        "best_parameters": "split:28 n_estimators:773 learning_rate:0.12337239065819006 subsample:0.7001067894924247 max_depth:9 colsample_bytree:0.558946531683002 gamma:0.2 min_child_weight:5 ",
        "test_balanced_acc": 0.5378724375774945,
        "train_balanced_acc": 0.8830590841413741
    },
    "29": {
        "best_parameters": "split:29 n_estimators:640 learning_rate:0.04746150037671566 subsample:0.8364799180860889 max_depth:8 colsample_bytree:0.5753820182430842 gamma:0.3 min_child_weight:7 ",
        "test_balanced_acc": 0.5596984505192033,
        "train_balanced_acc": 0.8677405559072198
    },
    "3": {
        "best_parameters": "split:03 n_estimators:317 learning_rate:0.07002256481731589 subsample:0.7532298126293318 max_depth:9 colsample_bytree:0.7718865125111591 gamma:0.0 min_child_weight:7 ",
        "test_balanced_acc": 0.555605671066314,
        "train_balanced_acc": 0.8742238221547388
    },
    "30": {
        "best_parameters": "split:30 n_estimators:494 learning_rate:0.04559779094291018 subsample:0.4004108542454189 max_depth:9 colsample_bytree:0.659827224870679 gamma:0.1 min_child_weight:9 ",
        "test_balanced_acc": 0.5427168584859404,
        "train_balanced_acc": 0.8164075174792401
    },