{
    "0": {
        "best_parameters": "split:00 n_estimators:744 learning_rate:0.09483509223984582 subsample:0.8160943832893393 max_depth:8 colsample_bytree:0.8601122647733976 gamma:0.2 min_child_weight:5 ",
        "test_balanced_acc": 0.550422806839827,
        "train_balanced_acc": 0.8688656127729425
    },
    "1": {
        "best_parameters": "split:01 n_estimators:337 learning_rate:0.15148665532889366 subsample:0.7790814256210586 max_depth:3 colsample_bytree:0.781567246088889 gamma:0.3 min_child_weight:5 ",
        "test_balanced_acc": 0.6900309362628475,
        "train_balanced_acc": 0.7694098414343779
    },
    "10": {
        "best_parameters": "split:10 n_estimators:537 learning_rate:0.0975551106831549 subsample:0.8826043467280267 max_depth:8 colsample_bytree:0.6574764208572118 gamma:0.1 min_child_weight:5 ",
        "test_balanced_acc": 0.651512592133368,
        "train_balanced_acc": 0.9413420228877055
    },
    "11": {
        "best_parameters": "split:11 n_estimators:689 learning_rate:0.08358557776093578 subsample:0.7237878221079572 max_depth:4 colsample_bytree:0.6014462082795046 gamma:0.3 min_child_weight:7 ",
        "test_balanced_acc": 0.6738724339060242,
        "train_balanced_acc": 0.8478105340462707
    },
    "12": {
        "best_parameters": "split:12 n_estimators:773 learning_rate:0.18428803753516218 subsample:0.4933701689150334 max_depth:5 colsample_bytree:0.8965955665498723 gamma:0.4 min_child_weight:9 ",
        "test_balanced_acc": 0.7153679378255416,
        "train_balanced_acc": 0.837283187369251
    },
    "13": {
        "best_parameters": "split:13 n_estimators:366 learning_rate:0.20014219964083035 subsample:0.6487327197616175 max_depth:4 colsample_bytree:0.5640987439571667 gamma:0.0 min_child_weight:1 ",
        "test_balanced_acc": 0.5328525274609425,
        "train_balanced_acc": 0.8168661221460237
    },
    "14": {
        "best_parameters": "split:14 n_estimators:430 learning_rate:0.11139968539200602 subsample:0.370567804932407 max_depth:5 colsample_bytree:0.6681641708983099 gamma:0.0 min_child_weight:7 ",
        "test_balanced_acc": 0.698635525521929,
        "train_balanced_acc": 0.7852805175345422
    },
    "15": {
        "best_parameters": "split:15 n_estimators:732 learning_rate:0.0733032012836192 subsample:0.8008791165364022 max_depth:4 colsample_bytree:0.8279792100217115 gamma:0.1 min_child_weight:3 ",
        "test_balanced_acc": 0.6199015570917049,
        "train_balanced_acc": 0.7924058437536424
    },
    "16": {
        "best_parameters": "split:16 n_estimators:774 learning_rate:0.12007629432203289 subsample:0.7885496026410286 max_depth:8 colsample_bytree:0.5637683853709821 gamma:0.3 min_child_weight:9 ",
        "test_balanced_acc": 0.5768712118639358,
        "train_balanced_acc": 0.8788777135915872
    },
    "17": {
        "best_parameters": "split:17 n_estimators:246 learning_rate:0.10978201737549263 subsample:0.8805082476534225 max_depth:7 colsample_bytree:0.7279345486666197 gamma:0.2 min_child_weight:1 ",
        "test_balanced_acc": 0.5842665914323871,
        "train_balanced_acc": 0.9027720467356417
    },
    "18": {
        "best_parameters": "split:18 n_estimators:506 learning_rate:0.03383906883527769 subsample:0.8190537769786548 max_depth:7 colsample_bytree:0.6682988750198611 gamma:0.4 min_child_weight:1 ",
        "test_balanced_acc": 0.5682372832758972,
        "train_balanced_acc": 0.8318867367443225
    },
    "19": {
        "best_parameters": "split:19 n_estimators:234 learning_rate:0.4533946183483337 subsample:0.8162815988717729 max_depth:3 colsample_bytree:0.7703948013316351 gamma:0.3 min_child_weight:11 ",
        "test_balanced_acc": 0.6655642505381305,
        "train_balanced_acc": 0.7817707760862401
    },
    "2": {
        "best_parameters": "split:02 n_estimators:465 learning_rate:0.11370837419623107 subsample:0.45728442885136716 max_depth:3 colsample_bytree:0.8946841665111368 gamma:0.1 min_child_weight:3 ",
        "test_balanced_acc": 0.6964009120493352,
        "train_balanced_acc": 0.7646637155971782
    },
    "20": {
        "best_parameters": "split:20 n_estimators:649 learning_rate:0.4080779489053627 subsample:0.7326970474714003 max_depth:4 colsample_bytree:0.8922144804043286 gamma:0.3 min_child_weight:9 ",
        "test_balanced_acc": 0.5950179840138378,
        "train_balanced_acc": 0.8317811796726687
    },
    "21": {
        "best_parameters": "split:21 n_estimators:565 learning_rate:0.16050285312041393 subsample:0.8444290580015004 max_depth:3 colsample_bytree:0.7013813355037162 gamma:0.4 min_child_weight:11 ",
        "test_balanced_acc": 0.5794577984392616,
        "train_balanced_acc": 0.7892719425641633
    },
    "22": {
        "best_parameters": "split:22 n_estimators:457 learning_rate:0.2642281105665449 subsample:0.7386215507622282 max_depth:8 colsample_bytree:0.6124775541467988 gamma:0.3 min_child_weight:11 ",
        "test_balanced_acc": 0.5633983735094124,
        "train_balanced_acc": 0.8611981244402388
    },
    "23": {
        "best_parameters": "split:23 n_estimators:268 learning_rate:0.2608213527567267 subsample:0.8261583169889339 max_depth:3 colsample_bytree:0.8574807094452721 gamma:0.4 min_child_weight:3 ",
        "test_balanced_acc": 0.7294266807528201,
        "train_balanced_acc": 0.7999028942824449
    },
    "24": {
        "best_parameters": "split:24 n_estimators:300 learning_rate:0.08382570165941 subsample:0.4838525852367096 max_depth:5 colsample_bytree:0.865675969137369 gamma:0.1 min_child_weight:11 ",
        "test_balanced_acc": 0.6948160625124018,
        "train_balanced_acc": 0.816654438820677
    },
    "25": {
        "best_parameters": "split:25 n_estimators:619 learning_rate:0.09555251360557367 subsample:0.4723330754127334 max_depth:5 colsample_bytree:0.8654859974885427 gamma:0.1 min_child_weight:7 ",
        "test_balanced_acc": 0.5333431264611949,
        "train_balanced_acc": 0.7749315029234697
    },
    "26": {
        "best_parameters": "split:26 n_estimators:627 learning_rate:0.05214559779446626 subsample:0.8034761275074715 max_depth:9 colsample_bytree:0.5967904562806681 gamma:0.4 min_child_weight:11 ",
        "test_balanced_acc": 0.6077127260631019,
        "train_balanced_acc": 0.8531822277187562
    },
    "27": {
        "best_parameters": "split:27 n_estimators:658 learning_rate:0.16240563452781273 subsample:0.5262462627866642 max_depth:3 colsample_bytree:0.706940565012221 gamma:0.4 min_child_weight:11 ",
        "test_balanced_acc": 0.6729770246003843,
        "train_balanced_acc": 0.7795987794805331
    },
    "28": {
        "best_parameters": "split:28 n_estimators:244 learning_rate:0.06912634748801524 subsample:0.4674093426171113 max_depth:7 colsample_bytree:0.7167862393228379 gamma:0.4 min_child_weight:3 ",
        "test_balanced_acc": 0.6120118311344079,
        "train_balanced_acc": 0.8622544772218684
    },
    "29": {
        "best_parameters": "split:29 n_estimators:412 learning_rate:0.03501708432307306 subsample:0.5937801578732455 max_depth:8 colsample_bytree:0.7913262788049354 gamma:0.1 min_child_weight:3 ",
        "test_balanced_acc": 0.5541487613353986,
        "train_balanced_acc": 0.877063301899598
    },
    "3": {
        "best_parameters": "split:03 n_estimators:621 learning_rate:0.03497498853380707 subsample:0.38555955015586885 max_depth:4 colsample_bytree:0.84906266069947 gamma:0.2 min_child_weight:11 ",
        "test_balanced_acc": 0.6068772439365598,
        "train_balanced_acc": 0.7722623365489588
    },
    "30": {
        "best_parameters": "split:30 n_estimators:434 learning_rate:0.050836066061450115 subsample:0.7720873950597158 max_depth:8 colsample_bytree:0.5437680912833699 gamma:0.3 min_child_weight:1 ",
        "test_balanced_acc": 0.5762071189187798,
        "train_balanced_acc": 0.8375027759624453
    },