{
    "0": {
        "best_parameters": "split:00 n_estimators:612 learning_rate:0.013633630677245533 subsample:0.7801015805250506 max_depth:7 colsample_bytree:0.771406981439839 gamma:0.1 min_child_weight:3 ",
        "test_balanced_acc": 0.5137880795778714,
        "train_balanced_acc": 0.8808196464407371
    },
    "1": {
        "best_parameters": "split:01 n_estimators:452 learning_rate:0.018157314944798483 subsample:0.640185617068962 max_depth:8 colsample_bytree:0.8574276617796981 gamma:0.1 min_child_weight:1 ",
        "test_balanced_acc": 0.7082636597089418,
        "train_balanced_acc": 0.8875867686089384
    },
    "10": {
        "best_parameters": "split:10 n_estimators:383 learning_rate:0.08716332558570485 subsample:0.765488847053702 max_depth:6 colsample_bytree:0.6461792392402419 gamma:0.4 min_child_weight:1 ",
        "test_balanced_acc": 0.6138887787435414,
        "train_balanced_acc": 0.9637289951392706
    },
    "11": {
        "best_parameters": "split:11 n_estimators:347 learning_rate:0.0897276687814796 subsample:0.6237610591739926 max_depth:4 colsample_bytree:0.8008982821796763 gamma:0.1 min_child_weight:7 ",
        "test_balanced_acc": 0.676306194594947,
        "train_balanced_acc": 0.8597259088107991
    },
    "12": {
        "best_parameters": "split:12 n_estimators:553 learning_rate:0.22637404711528633 subsample:0.7599135873972271 max_depth:7 colsample_bytree:0.5540977627810998 gamma:0.3 min_child_weight:7 ",
        "test_balanced_acc": 0.6737497745582931,
        "train_balanced_acc": 0.918091149465365
    },
    "13": {
        "best_parameters": "split:13 n_estimators:795 learning_rate:0.21858975391078797 subsample:0.8683764714066826 max_depth:5 colsample_bytree:0.8964210886431501 gamma:0.0 min_child_weight:9 ",
        "test_balanced_acc": 0.6049220571129744,
        "train_balanced_acc": 0.9367736637771901
    },
    "14": {
        "best_parameters": "split:14 n_estimators:572 learning_rate:0.04359780077807308 subsample:0.623461699225128 max_depth:6 colsample_bytree:0.6357656947742303 gamma:0.1 min_child_weight:11 ",
        "test_balanced_acc": 0.6354083341968185,
        "train_balanced_acc": 0.9068045973578306
    },
    "15": {
        "best_parameters": "split:15 n_estimators:616 learning_rate:0.027500181196459965 subsample:0.8264693623814776 max_depth:9 colsample_bytree:0.5483422522064617 gamma:0.0 min_child_weight:9 ",
        "test_balanced_acc": 0.5082066242372244,
        "train_balanced_acc": 0.8659636640716278
    },
    "16": {
        "best_parameters": "split:16 n_estimators:699 learning_rate:0.06905775714690421 subsample:0.722249334192833 max_depth:9 colsample_bytree:0.63828587871966 gamma:0.0 min_child_weight:9 ",
        "test_balanced_acc": 0.5143733955772508,
        "train_balanced_acc": 0.8748720042447754
    },
    "17": {
        "best_parameters": "split:17 n_estimators:329 learning_rate:0.23049523612425632 subsample:0.8293130678883258 max_depth:8 colsample_bytree:0.8802980205509493 gamma:0.4 min_child_weight:5 ",
        "test_balanced_acc": 0.5097479152645804,
        "train_balanced_acc": 0.8597196967345718
    },
    "18": {
        "best_parameters": "split:18 n_estimators:622 learning_rate:0.10343448543400431 subsample:0.40987957576305545 max_depth:6 colsample_bytree:0.8680889222073938 gamma:0.3 min_child_weight:3 ",
        "test_balanced_acc": 0.5891480785112022,
        "train_balanced_acc": 0.8770415941882312
    },
    "19": {
        "best_parameters": "split:19 n_estimators:657 learning_rate:0.07915554839419758 subsample:0.41993566837782176 max_depth:6 colsample_bytree:0.536234014254342 gamma:0.2 min_child_weight:9 ",
        "test_balanced_acc": 0.6152974650422944,
        "train_balanced_acc": 0.9101454182575397
    },
    "2": {
        "best_parameters": "split:02 n_estimators:211 learning_rate:0.12859105331912057 subsample:0.7069223315716755 max_depth:3 colsample_bytree:0.8285373939995917 gamma:0.0 min_child_weight:5 ",
        "test_balanced_acc": 0.6254342731719295,
        "train_balanced_acc": 0.7819181620870589
    },
    "20": {
        "best_parameters": "split:20 n_estimators:242 learning_rate:0.13496670426252183 subsample:0.754109010966992 max_depth:5 colsample_bytree:0.5317389263405186 gamma:0.0 min_child_weight:3 ",
        "test_balanced_acc": 0.6366562874943397,
        "train_balanced_acc": 0.9169527836647093
    },
    "21": {
        "best_parameters": "split:21 n_estimators:532 learning_rate:0.0707870890464944 subsample:0.7466342543537884 max_depth:6 colsample_bytree:0.8499776931617768 gamma:0.3 min_child_weight:11 ",
        "test_balanced_acc": 0.5731356759763268,
        "train_balanced_acc": 0.8241118446639
    },
    "22": {
        "best_parameters": "split:22 n_estimators:666 learning_rate:0.059306109410962135 subsample:0.7413847564988408 max_depth:8 colsample_bytree:0.7676873683233167 gamma:0.4 min_child_weight:11 ",
        "test_balanced_acc": 0.5914967688499781,
        "train_balanced_acc": 0.9429993083839238
    },
    "23": {
        "best_parameters": "split:23 n_estimators:665 learning_rate:0.01109812023756411 subsample:0.6253695513988207 max_depth:7 colsample_bytree:0.6240279907141637 gamma:0.3 min_child_weight:11 ",
        "test_balanced_acc": 0.5037682696662173,
        "train_balanced_acc": 0.8598871918553174
    },
    "24": {
        "best_parameters": "split:24 n_estimators:345 learning_rate:0.13935486928094637 subsample:0.32279280331354593 max_depth:3 colsample_bytree:0.7319527697248807 gamma:0.3 min_child_weight:7 ",
        "test_balanced_acc": 0.6736598754410436,
        "train_balanced_acc": 0.8272927271313768
    },
    "25": {
        "best_parameters": "split:25 n_estimators:636 learning_rate:0.15451907252902358 subsample:0.7014383400737647 max_depth:9 colsample_bytree:0.7853257557192186 gamma:0.0 min_child_weight:1 ",
        "test_balanced_acc": 0.6112698944568916,
        "train_balanced_acc": 0.9803764921561076
    },
    "26": {
        "best_parameters": "split:26 n_estimators:566 learning_rate:0.021108212076532996 subsample:0.6714511171580841 max_depth:9 colsample_bytree:0.7262675124838797 gamma:0.3 min_child_weight:5 ",
        "test_balanced_acc": 0.6309483321872025,
        "train_balanced_acc": 0.960157810598267
    },
    "27": {
        "best_parameters": "split:27 n_estimators:178 learning_rate:0.1656576031834072 subsample:0.6807642426356153 max_depth:6 colsample_bytree:0.8638931240585914 gamma:0.2 min_child_weight:9 ",
        "test_balanced_acc": 0.665346637575085,
        "train_balanced_acc": 0.9418293972019111
    },
    "28": {
        "best_parameters": "split:28 n_estimators:794 learning_rate:0.1449915653817005 subsample:0.8668662835677083 max_depth:8 colsample_bytree:0.5606550778747288 gamma:0.1 min_child_weight:7 ",
        "test_balanced_acc": 0.5779770728401045,
        "train_balanced_acc": 0.938269249498071
    },
    "29": {
        "best_parameters": "split:29 n_estimators:787 learning_rate:0.17344069748545465 subsample:0.7920660029949487 max_depth:4 colsample_bytree:0.5676904441329553 gamma:0.0 min_child_weight:3 ",
        "test_balanced_acc": 0.6090213997211293,
        "train_balanced_acc": 0.8858331236054452
    },
    "3": {
        "best_parameters": "split:03 n_estimators:677 learning_rate:0.06848448503939486 subsample:0.8759278773087569 max_depth:8 colsample_bytree:0.7769229385306022 gamma:0.4 min_child_weight:1 ",
        "test_balanced_acc": 0.5424380562400603,
        "train_balanced_acc": 0.9272451455661751
    },
    "30": {
        "best_parameters": "split:30 n_estimators:251 learning_rate:0.10500737749700488 subsample:0.5881995118807748 max_depth:6 colsample_bytree:0.8129475279740918 gamma:0.0 min_child_weight:9 ",
        "test_balanced_acc": 0.5532332474379312,
        "train_balanced_acc": 0.8497572395013314
    },