{
    "0": {
        "best_parameters": "split:00 n_estimators:489 learning_rate:0.06505335821649554 subsample:0.5818424085386322 max_depth:7 colsample_bytree:0.8356520103331269 gamma:0.1 min_child_weight:7 ",
        "test_balanced_acc": 0.5287564685477154,
        "train_balanced_acc": 0.8900431350308146
    },
    "1": {
        "best_parameters": "split:01 n_estimators:624 learning_rate:0.25356403852390746 subsample:0.6224689520096938 max_depth:3 colsample_bytree:0.5740728925320278 gamma:0.0 min_child_weight:1 ",
        "test_balanced_acc": 0.7248252742589584,
        "train_balanced_acc": 0.825213806925985
    },
    "10": {
        "best_parameters": "split:10 n_estimators:284 learning_rate:0.24424903868525893 subsample:0.6063422623903163 max_depth:3 colsample_bytree:0.8258244974099574 gamma:0.0 min_child_weight:1 ",
        "test_balanced_acc": 0.580332834966058,
        "train_balanced_acc": 0.7894377128273696
    },
    "11": {
        "best_parameters": "split:11 n_estimators:393 learning_rate:0.24507738866845813 subsample:0.7838996129960886 max_depth:3 colsample_bytree:0.8641657086002161 gamma:0.4 min_child_weight:7 ",
        "test_balanced_acc": 0.6229976584367841,
        "train_balanced_acc": 0.779350105988839
    },
    "12": {
        "best_parameters": "split:12 n_estimators:791 learning_rate:0.20024234084464076 subsample:0.842457283344866 max_depth:3 colsample_bytree:0.665071645311042 gamma:0.0 min_child_weight:5 ",
        "test_balanced_acc": 0.5915303909287203,
        "train_balanced_acc": 0.8071162942245881
    },
    "13": {
        "best_parameters": "split:13 n_estimators:704 learning_rate:0.0404805778563264 subsample:0.5282643045932598 max_depth:9 colsample_bytree:0.7596942700213107 gamma:0.4 min_child_weight:9 ",
        "test_balanced_acc": 0.5901589700024495,
        "train_balanced_acc": 0.9123405295840475
    },
    "14": {
        "best_parameters": "split:14 n_estimators:781 learning_rate:0.05723018945070881 subsample:0.5605812539620155 max_depth:4 colsample_bytree:0.687257911590289 gamma:0.2 min_child_weight:1 ",
        "test_balanced_acc": 0.6156132263573545,
        "train_balanced_acc": 0.7988313998990066
    },
    "15": {
        "best_parameters": "split:15 n_estimators:194 learning_rate:0.43865419110170867 subsample:0.6468456404966005 max_depth:3 colsample_bytree:0.7770880493434865 gamma:0.2 min_child_weight:9 ",
        "test_balanced_acc": 0.5413549034962014,
        "train_balanced_acc": 0.7710698143907274
    },
    "16": {
        "best_parameters": "split:16 n_estimators:651 learning_rate:0.03886608257162361 subsample:0.3053183504590163 max_depth:6 colsample_bytree:0.7501851846995617 gamma:0.1 min_child_weight:7 ",
        "test_balanced_acc": 0.5553818962029541,
        "train_balanced_acc": 0.8230341661547643
    },
    "17": {
        "best_parameters": "split:17 n_estimators:722 learning_rate:0.045006454321345285 subsample:0.7645013152125348 max_depth:7 colsample_bytree:0.6594138884670582 gamma:0.3 min_child_weight:1 ",
        "test_balanced_acc": 0.6062810703692035,
        "train_balanced_acc": 0.9248093823694233
    },
    "18": {
        "best_parameters": "split:18 n_estimators:349 learning_rate:0.07270614050311786 subsample:0.6810658113830534 max_depth:6 colsample_bytree:0.6058730852731168 gamma:0.1 min_child_weight:5 ",
        "test_balanced_acc": 0.5655962369692347,
        "train_balanced_acc": 0.8726476150980255
    },
    "19": {
        "best_parameters": "split:19 n_estimators:733 learning_rate:0.40208720662588976 subsample:0.8911533730528458 max_depth:3 colsample_bytree:0.7690836830933643 gamma:0.4 min_child_weight:5 ",
        "test_balanced_acc": 0.615871322597331,
        "train_balanced_acc": 0.8189658182373667
    },
    "2": {
        "best_parameters": "split:02 n_estimators:481 learning_rate:0.1919512056886389 subsample:0.5962815492451334 max_depth:4 colsample_bytree:0.6253744113545507 gamma:0.2 min_child_weight:7 ",
        "test_balanced_acc": 0.6087206305695118,
        "train_balanced_acc": 0.8112420237060521
    },
    "20": {
        "best_parameters": "split:20 n_estimators:635 learning_rate:0.10980663952684858 subsample:0.8414517779675488 max_depth:5 colsample_bytree:0.5996122497677185 gamma:0.3 min_child_weight:9 ",
        "test_balanced_acc": 0.6203047148274713,
        "train_balanced_acc": 0.9011818650246025
    },
    "21": {
        "best_parameters": "split:21 n_estimators:602 learning_rate:0.07959970491388886 subsample:0.47047577505681915 max_depth:7 colsample_bytree:0.576697855687418 gamma:0.3 min_child_weight:1 ",
        "test_balanced_acc": 0.545823920422404,
        "train_balanced_acc": 0.8906071729571443
    },
    "22": {
        "best_parameters": "split:22 n_estimators:295 learning_rate:0.12472317107966337 subsample:0.6885936889281618 max_depth:5 colsample_bytree:0.6144116195669016 gamma:0.3 min_child_weight:9 ",
        "test_balanced_acc": 0.5874132935642891,
        "train_balanced_acc": 0.8528406546905781
    },
    "23": {
        "best_parameters": "split:23 n_estimators:628 learning_rate:0.06886132932630415 subsample:0.40777430394281455 max_depth:8 colsample_bytree:0.625594289565949 gamma:0.4 min_child_weight:9 ",
        "test_balanced_acc": 0.5818698643710517,
        "train_balanced_acc": 0.8203022172889186
    },
    "24": {
        "best_parameters": "split:24 n_estimators:704 learning_rate:0.07200548826957508 subsample:0.3075386070903785 max_depth:5 colsample_bytree:0.5309234516740284 gamma:0.0 min_child_weight:3 ",
        "test_balanced_acc": 0.6855688384138737,
        "train_balanced_acc": 0.8666992978895678
    },
    "25": {
        "best_parameters": "split:25 n_estimators:737 learning_rate:0.09301646185293272 subsample:0.34116490356342843 max_depth:3 colsample_bytree:0.8585967676197417 gamma:0.0 min_child_weight:9 ",
        "test_balanced_acc": 0.5691845050428904,
        "train_balanced_acc": 0.7544830370283954
    },
    "26": {
        "best_parameters": "split:26 n_estimators:782 learning_rate:0.029897677571690692 subsample:0.5054855909054526 max_depth:9 colsample_bytree:0.8248222485419714 gamma:0.4 min_child_weight:7 ",
        "test_balanced_acc": 0.5946244397893218,
        "train_balanced_acc": 0.9167560481874047
    },
    "27": {
        "best_parameters": "split:27 n_estimators:305 learning_rate:0.014750287236196369 subsample:0.5657665503495173 max_depth:9 colsample_bytree:0.6792416418742835 gamma:0.4 min_child_weight:11 ",
        "test_balanced_acc": 0.4815764124027618,
        "train_balanced_acc": 0.8058173280761777
    },
    "28": {
        "best_parameters": "split:28 n_estimators:432 learning_rate:0.1606384738973195 subsample:0.8006335295096016 max_depth:8 colsample_bytree:0.6953221633130874 gamma:0.4 min_child_weight:11 ",
        "test_balanced_acc": 0.5500606559607742,
        "train_balanced_acc": 0.8816493661059868
    },
    "29": {
        "best_parameters": "split:29 n_estimators:304 learning_rate:0.12616558603165143 subsample:0.5767620244266104 max_depth:5 colsample_bytree:0.5125595521099553 gamma:0.1 min_child_weight:3 ",
        "test_balanced_acc": 0.5761163798882288,
        "train_balanced_acc": 0.8664034752594713
    },
    "3": {
        "best_parameters": "split:03 n_estimators:578 learning_rate:0.05377104262881085 subsample:0.8760635890560597 max_depth:6 colsample_bytree:0.7199844963239479 gamma:0.3 min_child_weight:1 ",
        "test_balanced_acc": 0.5513366997368465,
        "train_balanced_acc": 0.8695115597156681
    },
    "30": {
        "best_parameters": "split:30 n_estimators:501 learning_rate:0.0670512172951407 subsample:0.566150453461434 max_depth:6 colsample_bytree:0.5725915503156068 gamma:0.3 min_child_weight:7 ",
        "test_balanced_acc": 0.5563742770313476,
        "train_balanced_acc": 0.8249799205509601
    },