{
    "0": {
        "pearson_bartok": [
            0.7394341046199895,
            4.592526927568549e-06
        ],
        "pearson_henle": [
            0.7237862516581683,
            9.10386601451261e-06
        ]
    },
    "1": {
        "pearson_bartok": [
            0.9458084839587731,
            1.0365958279039593e-14
        ],
        "pearson_henle": [
            0.9422903222517868,
            2.3728975256559663e-14
        ]
    },
    "10": {
        "pearson_bartok": [
            0.8655114907307122,
            1.3586224367073062e-09
        ],
        "pearson_henle": [
            0.8455030880495631,
            7.803611780317964e-09
        ]
    },
    "11": {
        "pearson_bartok": [
            0.8468553682028017,
            3.652712582617766e-09
        ],
        "pearson_henle": [
            0.8503276211910438,
            2.7100210891713584e-09
        ]
    },
    "12": {
        "pearson_bartok": [
            0.8640074240227907,
            7.738442113010871e-10
        ],
        "pearson_henle": [
            0.8581578127388952,
            1.3437062650301399e-09
        ]
    },
    "13": {
        "pearson_bartok": [
            0.8596230984285231,
            1.172959278761202e-09
        ],
        "pearson_henle": [
            0.8416693293838132,
            5.6290694800379275e-09
        ]
    },
    "14": {
        "pearson_bartok": [
            0.814332799526138,
            4.374489477835381e-08
        ],
        "pearson_henle": [
            0.8186836589353677,
            3.2301005282057535e-08
        ]
    },
    "15": {
        "pearson_bartok": [
            0.8007317966602074,
            1.8267960651434384e-07
        ],
        "pearson_henle": [
            0.8053521652275392,
            1.370622836088943e-07
        ]
    },
    "16": {
        "pearson_bartok": [
            0.9019152433359539,
            1.0166066737077492e-11
        ],
        "pearson_henle": [
            0.9202391374258558,
            6.310054805558456e-13
        ]
    },
    "17": {
        "pearson_bartok": [
            0.5516793382677909,
            0.0015763953502280629
        ],
        "pearson_henle": [
            0.5279447149996149,
            0.0027128971940956893
        ]
    },
    "18": {
        "pearson_bartok": [
            0.7607216844099738,
            1.0655489787321234e-06
        ],
        "pearson_henle": [
            0.760469850368607,
            1.0795142114910654e-06
        ]
    },
    "19": {
        "pearson_bartok": [
            0.8989810213691967,
            1.5076087778812313e-11
        ],
        "pearson_henle": [
            0.8907546629214469,
            4.281181935079843e-11
        ]
    },
    "2": {
        "pearson_bartok": [
            0.8035106186509267,
            9.000531560929806e-08
        ],
        "pearson_henle": [
            0.8015173163559087,
            1.0230328706143281e-07
        ]
    },
    "20": {
        "pearson_bartok": [
            0.9030560783373718,
            8.692811922951952e-12
        ],
        "pearson_henle": [
            0.8926753323191498,
            3.3808812832140236e-11
        ]
    },
    "21": {
        "pearson_bartok": [
            0.7111196248761107,
            1.0600078695273371e-05
        ],
        "pearson_henle": [
            0.7107031907185155,
            1.0784815185182646e-05
        ]
    },
    "22": {
        "pearson_bartok": [
            0.7291273570267015,
            7.24530058462859e-06
        ],
        "pearson_henle": [
            0.6849156497883486,
            4.15467517226786e-05
        ]
    },
    "23": {
        "pearson_bartok": [
            0.7736732619243016,
            5.335928561319193e-07
        ],
        "pearson_henle": [
            0.7751425491128078,
            4.919305721257677e-07
        ]
    },
    "24": {
        "pearson_bartok": [
            0.8680848192095602,
            1.063490233556439e-09
        ],
        "pearson_henle": [
            0.8630791932337746,
            1.7047165118271965e-09
        ]
    },
    "25": {
        "pearson_bartok": [
            0.8772114598155762,
            2.0162023284333731e-10
        ],
        "pearson_henle": [
            0.8900180390135686,
            4.681493079886119e-11
        ]
    },
    "26": {
        "pearson_bartok": [
            0.7027686635517271,
            1.490624131808486e-05
        ],
        "pearson_henle": [
            0.6963165644456298,
            1.92481514436789e-05
        ]
    },
    "27": {
        "pearson_bartok": [
            0.8921735165656995,
            3.597531694609064e-11
        ],
        "pearson_henle": [
            0.900230476884197,
            1.2766196687539657e-11
        ]
    },
    "28": {
        "pearson_bartok": [
            0.8700220318731126,
            8.814311467760891e-10
        ],
        "pearson_henle": [
            0.8516547852522574,
            4.685089506482887e-09
        ]
    },
    "29": {
        "pearson_bartok": [
            0.8065542857035745,
            7.38099906847137e-08
        ],
        "pearson_henle": [
            0.8079788859251372,
            6.718499413769785e-08
        ]
    },
    "3": {
        "pearson_bartok": [
            0.8415753318830949,
            1.068642970745221e-08
        ],
        "pearson_henle": [
            0.8256617428859423,
            3.520973609899443e-08
        ]
    },
    "30": {
        "pearson_bartok": [
            0.745852158515914,
            2.239953406353324e-06
        ],
        "pearson_henle": [
            0.7442138162662181,
            2.4235515639765148e-06
        ]
    },
    "31": {
        "pearson_bartok": [
            0.8026007555042025,
            9.544093015611812e-08
        ],
        "pearson_henle": [
            0.799627146286014,
            1.153616665615513e-07
        ]
    },
    "32": {
        "pearson_bartok": [
            0.8903476692905403,
            4.498281333622476e-11
        ],
        "pearson_henle": [
            0.8818170626615782,
            1.2159162589971664e-10
        ]
    },
    "33": {
        "pearson_bartok": [
            0.8616753561570747,
            9.671566674184862e-10
        ],
        "pearson_henle": [
            0.8526322644069789,
            2.2136971049854765e-09
        ]
    },
    "34": {
        "pearson_bartok": [
            0.9458283214660048,
            3.2904613445941023e-15
        ],
        "pearson_henle": [
            0.9436672558430959,
            5.61385960239447e-15
        ]
    },
    "35": {
        "pearson_bartok": [
            0.9236279156830218,
            9.320697663053224e-13
        ],
        "pearson_henle": [
            0.9021823058479295,
            2.312700263028986e-11
        ]
    },
    "36": {
        "pearson_bartok": [
            0.855494847946653,
            3.367576088722485e-09
        ],
        "pearson_henle": [
            0.8386692830196328,
            1.3412517177995617e-08
        ]
    },
    "37": {
        "pearson_bartok": [
            0.8308260747775746,
            1.3256139455670682e-08
        ],
        "pearson_henle": [
            0.8238952100201418,
            2.222241911215153e-08
        ]
    },
    "38": {
        "pearson_bartok": [
            0.9146148450567437,
            1.5810712766926694e-12
        ],
        "pearson_henle": [
            0.8915487131526413,
            3.885134644975981e-11
        ]
    },
    "39": {
        "pearson_bartok": [
            0.9068464173338568,
            1.2302107852323306e-11
        ],
        "pearson_henle": [
            0.9076316071447086,
            1.1026038014767832e-11
        ]
    },
    "4": {
        "pearson_bartok": [
            0.7415268141758858,
            2.754340865115185e-06
        ],
        "pearson_henle": [
            0.7488514907181698,
            1.9361426679855896e-06
        ]
    },