{
    "0": {
        "pearson_bartok": [
            0.8333119092528418,
            1.0951725185805974e-08
        ],
        "pearson_henle": [
            0.8493078273096688,
            2.960621520700105e-09
        ]
    },
    "1": {
        "pearson_bartok": [
            0.8704445290220802,
            4.091010819602838e-10
        ],
        "pearson_henle": [
            0.8646252199478192,
            7.289541047355646e-10
        ]
    },
    "10": {
        "pearson_bartok": [
            0.8785181045595927,
            1.750346219401013e-10
        ],
        "pearson_henle": [
            0.8781173395437067,
            1.8282415746450817e-10
        ]
    },
    "11": {
        "pearson_bartok": [
            0.7844378826677535,
            2.899424143393494e-07
        ],
        "pearson_henle": [
            0.7702664386535412,
            6.428093864620268e-07
        ]
    },
    "12": {
        "pearson_bartok": [
            0.8932554804422672,
            3.145418029346835e-11
        ],
        "pearson_henle": [
            0.8957085432387394,
            2.3072775318709527e-11
        ]
    },
    "13": {
        "pearson_bartok": [
            0.6936203230170682,
            2.1376906897092494e-05
        ],
        "pearson_henle": [
            0.6710737293330139,
            4.9293480916851776e-05
        ]
    },
    "14": {
        "pearson_bartok": [
            0.829324181771273,
            1.4855313049816749e-08
        ],
        "pearson_henle": [
            0.8145617921266239,
            4.3060638948078136e-08
        ]
    },
    "15": {
        "pearson_bartok": [
            0.8072420189502418,
            7.054071492117085e-08
        ],
        "pearson_henle": [
            0.8306033704026345,
            1.3482861211400724e-08
        ]
    },
    "16": {
        "pearson_bartok": [
            0.8169118041163438,
            3.6582283179584316e-08
        ],
        "pearson_henle": [
            0.7996431251339955,
            1.1524518259717823e-07
        ]
    },
    "17": {
        "pearson_bartok": [
            0.7157301443052969,
            8.737029297575418e-06
        ],
        "pearson_henle": [
            0.7187492611348122,
            7.682692302292987e-06
        ]
    },
    "18": {
        "pearson_bartok": [
            0.7219572301853079,
            6.689395032046415e-06
        ],
        "pearson_henle": [
            0.71915107943865,
            7.551387125982031e-06
        ]
    },
    "19": {
        "pearson_bartok": [
            0.7876790946787062,
            2.3967133987810637e-07
        ],
        "pearson_henle": [
            0.7902630149603711,
            2.054315021498576e-07
        ]
    },
    "2": {
        "pearson_bartok": [
            0.7690280584764788,
            6.872927520806818e-07
        ],
        "pearson_henle": [
            0.7854139450591476,
            2.738777628903106e-07
        ]
    },
    "20": {
        "pearson_bartok": [
            0.7350987404979625,
            3.7176021804541596e-06
        ],
        "pearson_henle": [
            0.7250027886091843,
            5.8552000643798355e-06
        ]
    },
    "21": {
        "pearson_bartok": [
            0.6970649720572681,
            1.8692068233983984e-05
        ],
        "pearson_henle": [
            0.6784295435048764,
            3.783003822919044e-05
        ]
    },
    "22": {
        "pearson_bartok": [
            0.7451997213449627,
            2.3115021142191995e-06
        ],
        "pearson_henle": [
            0.7260700399305066,
            5.5858896019429756e-06
        ]
    },
    "23": {
        "pearson_bartok": [
            0.7765176512251283,
            4.5564121146869967e-07
        ],
        "pearson_henle": [
            0.749863274664403,
            1.842408551974669e-06
        ]
    },
    "24": {
        "pearson_bartok": [
            0.8319574665828389,
            1.2157289340312947e-08
        ],
        "pearson_henle": [
            0.8121224339173931,
            5.087937689017444e-08
        ]
    },
    "25": {
        "pearson_bartok": [
            0.8349766389172111,
            9.620202767988401e-09
        ],
        "pearson_henle": [
            0.8048929423759958,
            8.228595574239289e-08
        ]
    },
    "26": {
        "pearson_bartok": [
            0.7080033854679948,
            1.2054511230684271e-05
        ],
        "pearson_henle": [
            0.6996730472690174,
            1.686521743803797e-05
        ]
    },
    "27": {
        "pearson_bartok": [
            0.7171056106803375,
            8.241509383802602e-06
        ],
        "pearson_henle": [
            0.7178896213117443,
            7.970542520047107e-06
        ]
    },
    "28": {
        "pearson_bartok": [
            0.8453280821467213,
            4.1556228653604e-09
        ],
        "pearson_henle": [
            0.84978945314206,
            2.8397342895934572e-09
        ]
    },
    "29": {
        "pearson_bartok": [
            0.702952109064394,
            1.4796854541040899e-05
        ],
        "pearson_henle": [
            0.7095690021987581,
            1.1302754217589883e-05
        ]
    },
    "3": {
        "pearson_bartok": [
            0.8242542993166435,
            2.164741027611131e-08
        ],
        "pearson_henle": [
            0.8110081938012113,
            5.4864957268060674e-08
        ]
    },
    "30": {
        "pearson_bartok": [
            0.7569109687013618,
            1.2954528791097005e-06
        ],
        "pearson_henle": [
            0.7488137771980568,
            1.9397185927013305e-06
        ]
    },
    "31": {
        "pearson_bartok": [
            0.7785698437990739,
            4.059953429958936e-07
        ],
        "pearson_henle": [
            0.768179499961101,
            7.193687703087338e-07
        ]
    },
    "32": {
        "pearson_bartok": [
            0.8513878529375558,
            2.4702368048647805e-09
        ],
        "pearson_henle": [
            0.8414378924042842,
            5.736702923490469e-09
        ]
    },
    "33": {
        "pearson_bartok": [
            0.8365784133732728,
            8.480618199494812e-09
        ],
        "pearson_henle": [
            0.8012095266503381,
            1.0433325395478491e-07
        ]
    },
    "34": {
        "pearson_bartok": [
            0.8890894710175477,
            5.235179145978115e-11
        ],
        "pearson_henle": [
            0.8840276461692571,
            9.46758779783892e-11
        ]
    },
    "35": {
        "pearson_bartok": [
            0.9049195246084438,
            6.703119738190686e-12
        ],
        "pearson_henle": [
            0.908652626236996,
            3.91741107708375e-12
        ]
    },
    "36": {
        "pearson_bartok": [
            0.7738774864959943,
            5.27616279906567e-07
        ],
        "pearson_henle": [
            0.7572952801663676,
            1.270381395779035e-06
        ]
    },
    "37": {
        "pearson_bartok": [
            0.8505622323893878,
            2.655193157285688e-09
        ],
        "pearson_henle": [
            0.8612226386906588,
            1.0094708104218602e-09
        ]
    },
    "38": {
        "pearson_bartok": [
            0.8899600127096036,
            4.714446968931333e-11
        ],
        "pearson_henle": [
            0.8467203827269294,
            3.6948010458201236e-09
        ]
    },
    "39": {
        "pearson_bartok": [
            0.7878777541243446,
            2.3686529053154638e-07
        ],
        "pearson_henle": [
            0.7871903845654474,
            2.4670363632398117e-07
        ]
    },
    "4": {
        "pearson_bartok": [
            0.6415010313144571,
            0.0001332619212288921
        ],
        "pearson_henle": [
            0.6560722545159072,
            8.273417797445563e-05
        ]
    },