{
    "0": {
        "pearson_bartok": [
            0.7466975779145886,
            3.2881662610274536e-06
        ],
        "pearson_henle": [
            0.72598322814851,
            8.292953303506935e-06
        ]
    },
    "1": {
        "pearson_bartok": [
            0.9385208632800154,
            5.450863109501292e-14
        ],
        "pearson_henle": [
            0.9342931563548134,
            1.3043468232301106e-13
        ]
    },
    "10": {
        "pearson_bartok": [
            0.873056558780866,
            6.528455227338013e-10
        ],
        "pearson_henle": [
            0.8710818002294676,
            7.943791153243805e-10
        ]
    },
    "11": {
        "pearson_bartok": [
            0.8402265215888852,
            6.3314819491414845e-09
        ],
        "pearson_henle": [
            0.8438482974330802,
            4.702684881562197e-09
        ]
    },
    "12": {
        "pearson_bartok": [
            0.8911072360997944,
            4.1009544247005e-11
        ],
        "pearson_henle": [
            0.8847931395526619,
            8.671580330354017e-11
        ]
    },
    "13": {
        "pearson_bartok": [
            0.8190705445106757,
            3.142937496632419e-08
        ],
        "pearson_henle": [
            0.8095717480974861,
            6.042346244970964e-08
        ]
    },
    "14": {
        "pearson_bartok": [
            0.8130809733101492,
            4.7664275853960844e-08
        ],
        "pearson_henle": [
            0.8156762227823213,
            3.986805661089976e-08
        ]
    },
    "15": {
        "pearson_bartok": [
            0.8078005656649285,
            1.1734342137660408e-07
        ],
        "pearson_henle": [
            0.8341406155316827,
            1.8945075147723995e-08
        ]
    },
    "16": {
        "pearson_bartok": [
            0.8917315800757524,
            3.7988418365549324e-11
        ],
        "pearson_henle": [
            0.8956509504752377,
            2.3243284504586618e-11
        ]
    },
    "17": {
        "pearson_bartok": [
            0.5402030568254775,
            0.0020596989773987552
        ],
        "pearson_henle": [
            0.5188873645110698,
            0.003303811944145004
        ]
    },
    "18": {
        "pearson_bartok": [
            0.757465830018018,
            1.2593968247657147e-06
        ],
        "pearson_henle": [
            0.7684745752549069,
            7.080637411087345e-07
        ]
    },
    "19": {
        "pearson_bartok": [
            0.9010903440481068,
            1.1371077507657227e-11
        ],
        "pearson_henle": [
            0.8877313004150094,
            6.154198456267054e-11
        ]
    },
    "2": {
        "pearson_bartok": [
            0.8001832163946759,
            1.1137050091868677e-07
        ],
        "pearson_henle": [
            0.7754317382903954,
            4.840875644577173e-07
        ]
    },
    "20": {
        "pearson_bartok": [
            0.9008774032471276,
            1.1702826425306858e-11
        ],
        "pearson_henle": [
            0.8900552263282678,
            4.660485566357129e-11
        ]
    },
    "21": {
        "pearson_bartok": [
            0.696523607652394,
            1.9092845593255264e-05
        ],
        "pearson_henle": [
            0.6813237609001641,
            3.401895066216256e-05
        ]
    },
    "22": {
        "pearson_bartok": [
            0.7349097533423538,
            5.624395842925915e-06
        ],
        "pearson_henle": [
            0.7603342974539767,
            1.7025231104498886e-06
        ]
    },
    "23": {
        "pearson_bartok": [
            0.7639910360923491,
            8.985358046583785e-07
        ],
        "pearson_henle": [
            0.7570213404545622,
            1.2882069741302426e-06
        ]
    },
    "24": {
        "pearson_bartok": [
            0.8393871514912405,
            1.2685716012778037e-08
        ],
        "pearson_henle": [
            0.8677460926397701,
            1.0986528073696929e-09
        ]
    },
    "25": {
        "pearson_bartok": [
            0.8739677986801269,
            2.844630227987825e-10
        ],
        "pearson_henle": [
            0.8964213286125646,
            2.1055722488284197e-11
        ]
    },
    "26": {
        "pearson_bartok": [
            0.6926296506707169,
            2.2210680719823238e-05
        ],
        "pearson_henle": [
            0.6931166015466489,
            2.1797270743218285e-05
        ]
    },
    "27": {
        "pearson_bartok": [
            0.8733405803346778,
            3.0371052758290077e-10
        ],
        "pearson_henle": [
            0.8640825824531747,
            7.682506155627507e-10
        ]
    },
    "28": {
        "pearson_bartok": [
            0.8749382401726248,
            5.398655075208429e-10
        ],
        "pearson_henle": [
            0.8350054701561389,
            1.7750073293844193e-08
        ]
    },
    "29": {
        "pearson_bartok": [
            0.8193944324373973,
            3.071626614921747e-08
        ],
        "pearson_henle": [
            0.815458037088342,
            4.0475533741142524e-08
        ]
    },
    "3": {
        "pearson_bartok": [
            0.832613936514866,
            2.1235163797926752e-08
        ],
        "pearson_henle": [
            0.812361894204523,
            8.733859415676032e-08
        ]
    },
    "30": {
        "pearson_bartok": [
            0.741724796309949,
            2.728641566845807e-06
        ],
        "pearson_henle": [
            0.7374083946136348,
            3.3411272072408727e-06
        ]
    },
    "31": {
        "pearson_bartok": [
            0.8588400042644783,
            1.2615593871510575e-09
        ],
        "pearson_henle": [
            0.8632139759633255,
            8.352208518234513e-10
        ]
    },
    "32": {
        "pearson_bartok": [
            0.9081330427037245,
            4.227255097603445e-12
        ],
        "pearson_henle": [
            0.9014128364629123,
            1.0885124040486276e-11
        ]
    },
    "33": {
        "pearson_bartok": [
            0.8610924390930442,
            1.021951101569952e-09
        ],
        "pearson_henle": [
            0.8618644103400034,
            9.499733978346308e-10
        ]
    },
    "34": {
        "pearson_bartok": [
            0.95199243481994,
            6.300789582427777e-16
        ],
        "pearson_henle": [
            0.9512092298290871,
            7.864631610027541e-16
        ]
    },
    "35": {
        "pearson_bartok": [
            0.9084856366320989,
            9.777045200453606e-12
        ],
        "pearson_henle": [
            0.9030751289051773,
            2.0545493546445228e-11
        ]
    },
    "36": {
        "pearson_bartok": [
            0.8653403750218523,
            1.3806840574154995e-09
        ],
        "pearson_henle": [
            0.849818975061883,
            5.46846738170643e-09
        ]
    },
    "37": {
        "pearson_bartok": [
            0.8429911029892356,
            5.049013784839118e-09
        ],
        "pearson_henle": [
            0.8510744441035627,
            2.5390083057354303e-09
        ]
    },
    "38": {
        "pearson_bartok": [
            0.8993573257075713,
            1.4342829234874829e-11
        ],
        "pearson_henle": [
            0.9168480183210135,
            1.106432747199885e-12
        ]
    },
    "39": {
        "pearson_bartok": [
            0.9136291208063201,
            4.619415146386554e-12
        ],
        "pearson_henle": [
            0.913579002307755,
            4.654322593599998e-12
        ]
    },
    "4": {
        "pearson_bartok": [
            0.7405697231076941,
            2.881693437390212e-06
        ],
        "pearson_henle": [
            0.7394368398024878,
            3.039308612932539e-06
        ]
    },