{
    "0": {
        "test_balanced_acc": 0.6161616161616162,
        "train_balanced_acc": 0.9634108527131783
    },
    "1": {
        "test_balanced_acc": 0.7272727272727272,
        "train_balanced_acc": 0.9128345129760701
    },
    "10": {
        "test_balanced_acc": 0.6969696969696969,
        "train_balanced_acc": 0.9789147286821706
    },
    "11": {
        "test_balanced_acc": 0.8484848484848485,
        "train_balanced_acc": 0.9561644759015842
    },
    "12": {
        "test_balanced_acc": 0.8111888111888113,
        "train_balanced_acc": 0.9789147286821706
    },
    "13": {
        "test_balanced_acc": 0.6565656565656566,
        "train_balanced_acc": 1.0
    },
    "14": {
        "test_balanced_acc": 0.6767676767676768,
        "train_balanced_acc": 0.9789147286821706
    },
    "15": {
        "test_balanced_acc": 0.6818181818181818,
        "train_balanced_acc": 0.9711627906976744
    },
    "16": {
        "test_balanced_acc": 0.5524475524475524,
        "train_balanced_acc": 0.9866666666666667
    },
    "17": {
        "test_balanced_acc": 0.537878787878788,
        "train_balanced_acc": 0.9457364341085271
    },
    "18": {
        "test_balanced_acc": 0.6142191142191142,
        "train_balanced_acc": 0.9154334038054968
    },
    "19": {
        "test_balanced_acc": 0.8585858585858586,
        "train_balanced_acc": 0.9201033591731266
    },
    "2": {
        "test_balanced_acc": 0.7727272727272728,
        "train_balanced_acc": 0.9504220499569337
    },
    "20": {
        "test_balanced_acc": 0.7676767676767676,
        "train_balanced_acc": 0.9866666666666667
    },
    "21": {
        "test_balanced_acc": 0.4318181818181818,
        "train_balanced_acc": 0.885340223944875
    },
    "22": {
        "test_balanced_acc": 0.6262626262626263,
        "train_balanced_acc": 0.957829457364341
    },
    "23": {
        "test_balanced_acc": 0.5808080808080809,
        "train_balanced_acc": 0.9711627906976744
    },
    "24": {
        "test_balanced_acc": 0.8585858585858586,
        "train_balanced_acc": 0.9866666666666667
    },
    "25": {
        "test_balanced_acc": 0.655011655011655,
        "train_balanced_acc": 0.9866666666666667
    },
    "26": {
        "test_balanced_acc": 0.6893939393939394,
        "train_balanced_acc": 0.9844961240310077
    },
    "27": {
        "test_balanced_acc": 0.7459207459207459,
        "train_balanced_acc": 1.0
    },
    "28": {
        "test_balanced_acc": 0.6666666666666666,
        "train_balanced_acc": 0.9866666666666667
    },
    "29": {
        "test_balanced_acc": 0.5732323232323232,
        "train_balanced_acc": 0.9866666666666667
    },
    "3": {
        "test_balanced_acc": 0.5808080808080808,
        "train_balanced_acc": 0.9866666666666667
    },
    "30": {
        "test_balanced_acc": 0.5606060606060607,
        "train_balanced_acc": 0.9189214694978092
    },
    "31": {
        "test_balanced_acc": 0.6095571095571096,
        "train_balanced_acc": 0.9500775193798449
    },
    "32": {
        "test_balanced_acc": 0.7651515151515151,
        "train_balanced_acc": 0.9866666666666667
    },
    "33": {
        "test_balanced_acc": 0.8282828282828283,
        "train_balanced_acc": 0.9222514324233232
    },
    "34": {
        "test_balanced_acc": 0.7676767676767676,
        "train_balanced_acc": 0.9711627906976744
    },
    "35": {
        "test_balanced_acc": 0.6787878787878787,
        "train_balanced_acc": 0.9500775193798449
    },
    "36": {
        "test_balanced_acc": 0.7424242424242425,
        "train_balanced_acc": 0.9789147286821706
    },
    "37": {
        "test_balanced_acc": 0.686091686091686,
        "train_balanced_acc": 0.8754334038054968
    },
    "38": {
        "test_balanced_acc": 0.8535353535353535,
        "train_balanced_acc": 0.9789147286821706
    },
    "39": {
        "test_balanced_acc": 0.7272727272727272,
        "train_balanced_acc": 0.9866666666666667
    },
    "4": {
        "test_balanced_acc": 0.6666666666666666,
        "train_balanced_acc": 0.9789147286821706
    },
    "40": {
        "test_balanced_acc": 0.6348096348096348,
        "train_balanced_acc": 0.9655813953488371
    },
    "41": {
        "test_balanced_acc": 0.787878787878788,
        "train_balanced_acc": 0.9866666666666667
    },
    "42": {
        "test_balanced_acc": 0.8228438228438227,
        "train_balanced_acc": 0.9866666666666667
    },
    "43": {
        "test_balanced_acc": 0.6212121212121212,
        "train_balanced_acc": 0.9789147286821706
    },
    "44": {
        "test_balanced_acc": 0.7702020202020202,
        "train_balanced_acc": 0.9866666666666667
    },
    "45": {
        "test_balanced_acc": 0.7206682206682208,
        "train_balanced_acc": 0.9844961240310077
    },
    "46": {
        "test_balanced_acc": 0.654040404040404,
        "train_balanced_acc": 0.9444961240310077
    },
    "47": {
        "test_balanced_acc": 0.7373737373737373,
        "train_balanced_acc": 0.8523356926188068
    },
    "48": {
        "test_balanced_acc": 0.712121212121212,
        "train_balanced_acc": 0.9866666666666667
    },
    "49": {
        "test_balanced_acc": 0.6767676767676768,
        "train_balanced_acc": 0.9922480620155039
    },
    "5": {
        "test_balanced_acc": 0.4873737373737374,
        "train_balanced_acc": 0.9634108527131783
    },
    "6": {
        "test_balanced_acc": 0.7626262626262627,
        "train_balanced_acc": 0.9278328277721605
    },
    "7": {
        "test_balanced_acc": 0.5831390831390831,
        "train_balanced_acc": 0.9634108527131783
    },
    "8": {
        "test_balanced_acc": 0.712121212121212,
        "train_balanced_acc": 0.9866666666666667
    },
    "9": {
        "test_balanced_acc": 0.6666666666666666,
        "train_balanced_acc": 0.9789147286821706
    }
}