{
    "0": {
        "test_balanced_acc": 0.7253302253302253,
        "train_balanced_acc": 0.9733333333333333
    },
    "1": {
        "test_balanced_acc": 0.8578088578088577,
        "train_balanced_acc": 0.9153868058851446
    },
    "10": {
        "test_balanced_acc": 0.7766122766122767,
        "train_balanced_acc": 0.8881759215314032
    },
    "11": {
        "test_balanced_acc": 0.7560217560217559,
        "train_balanced_acc": 0.884765068818225
    },
    "12": {
        "test_balanced_acc": 0.6557886557886557,
        "train_balanced_acc": 0.9008321468122132
    },
    "13": {
        "test_balanced_acc": 0.5672105672105672,
        "train_balanced_acc": 0.9798639455782313
    },
    "14": {
        "test_balanced_acc": 0.6604506604506604,
        "train_balanced_acc": 0.9030026894478721
    },
    "15": {
        "test_balanced_acc": 0.5493395493395493,
        "train_balanced_acc": 0.8989337130200917
    },
    "16": {
        "test_balanced_acc": 0.5574980574980576,
        "train_balanced_acc": 0.9015092548647367
    },
    "17": {
        "test_balanced_acc": 0.5831390831390831,
        "train_balanced_acc": 0.9866666666666667
    },
    "18": {
        "test_balanced_acc": 0.6390831390831391,
        "train_balanced_acc": 0.9789147286821706
    },
    "19": {
        "test_balanced_acc": 0.721056721056721,
        "train_balanced_acc": 0.9274988134788799
    },
    "2": {
        "test_balanced_acc": 0.7560217560217559,
        "train_balanced_acc": 0.9318398987501978
    },
    "20": {
        "test_balanced_acc": 0.695027195027195,
        "train_balanced_acc": 0.966530612244898
    },
    "21": {
        "test_balanced_acc": 0.6394716394716394,
        "train_balanced_acc": 0.9922480620155039
    },
    "22": {
        "test_balanced_acc": 0.6647241647241647,
        "train_balanced_acc": 0.9730612244897959
    },
    "23": {
        "test_balanced_acc": 0.6394716394716394,
        "train_balanced_acc": 0.937421294099035
    },
    "24": {
        "test_balanced_acc": 0.8671328671328671,
        "train_balanced_acc": 0.9587786742604019
    },
    "25": {
        "test_balanced_acc": 0.6554001554001555,
        "train_balanced_acc": 0.8317228286663503
    },
    "26": {
        "test_balanced_acc": 0.6740481740481741,
        "train_balanced_acc": 0.9866666666666667
    },
    "27": {
        "test_balanced_acc": 0.5637140637140637,
        "train_balanced_acc": 0.9240879607657017
    },
    "28": {
        "test_balanced_acc": 0.5788655788655789,
        "train_balanced_acc": 0.9866666666666667
    },
    "29": {
        "test_balanced_acc": 0.6903651903651903,
        "train_balanced_acc": 0.9798639455782313
    },
    "3": {
        "test_balanced_acc": 0.5742035742035742,
        "train_balanced_acc": 0.9653092865052998
    },
    "30": {
        "test_balanced_acc": 0.6954156954156954,
        "train_balanced_acc": 0.9364720772029741
    },
    "31": {
        "test_balanced_acc": 0.5932400932400933,
        "train_balanced_acc": 0.9461224489795917
    },
    "32": {
        "test_balanced_acc": 0.7762237762237763,
        "train_balanced_acc": 0.9733333333333333
    },
    "33": {
        "test_balanced_acc": 0.6954156954156954,
        "train_balanced_acc": 0.9733333333333333
    },
    "34": {
        "test_balanced_acc": 0.6857031857031858,
        "train_balanced_acc": 0.8775763328587249
    },
    "35": {
        "test_balanced_acc": 0.8624708624708625,
        "train_balanced_acc": 0.9027305806043348
    },
    "36": {
        "test_balanced_acc": 0.5924630924630925,
        "train_balanced_acc": 0.9866666666666667
    },
    "37": {
        "test_balanced_acc": 0.6907536907536908,
        "train_balanced_acc": 0.9866666666666667
    },
    "38": {
        "test_balanced_acc": 0.8531468531468532,
        "train_balanced_acc": 0.966530612244898
    },
    "39": {
        "test_balanced_acc": 0.7160062160062161,
        "train_balanced_acc": 0.9449011232399936
    },
    "4": {
        "test_balanced_acc": 0.5283605283605283,
        "train_balanced_acc": 0.9058503401360544
    },
    "40": {
        "test_balanced_acc": 0.5881895881895881,
        "train_balanced_acc": 0.9318398987501978
    },
    "41": {
        "test_balanced_acc": 0.6091686091686092,
        "train_balanced_acc": 0.9653092865052998
    },
    "42": {
        "test_balanced_acc": 0.7513597513597513,
        "train_balanced_acc": 0.9318398987501978
    },
    "43": {
        "test_balanced_acc": 0.695027195027195,
        "train_balanced_acc": 0.9733333333333333
    },
    "44": {
        "test_balanced_acc": 0.8111888111888113,
        "train_balanced_acc": 0.9733333333333333
    },
    "45": {
        "test_balanced_acc": 0.721056721056721,
        "train_balanced_acc": 0.9587786742604019
    },
    "46": {
        "test_balanced_acc": 0.7117327117327118,
        "train_balanced_acc": 0.8865495965828192
    },
    "47": {
        "test_balanced_acc": 0.6647241647241647,
        "train_balanced_acc": 0.8943015345673153
    },
    "48": {
        "test_balanced_acc": 0.8065268065268065,
        "train_balanced_acc": 0.9306185730105997
    },
    "49": {
        "test_balanced_acc": 0.533022533022533,
        "train_balanced_acc": 0.8745704793545325
    },
    "5": {
        "test_balanced_acc": 0.445998445998446,
        "train_balanced_acc": 0.966530612244898
    },
    "6": {
        "test_balanced_acc": 0.7715617715617715,
        "train_balanced_acc": 0.9655813953488371
    },
    "7": {
        "test_balanced_acc": 0.7509712509712511,
        "train_balanced_acc": 0.8928080999841796
    },
    "8": {
        "test_balanced_acc": 0.7463092463092463,
        "train_balanced_acc": 0.966530612244898
    },
    "9": {
        "test_balanced_acc": 0.5633255633255633,
        "train_balanced_acc": 0.8755196962505932
    }
}