{
    "0": {
        "pearson_bartok": [
            0.6329005669074034,
            0.0001745717715143652
        ],
        "pearson_henle": [
            0.6097428848005331,
            0.0003475193078732124
        ]
    },
    "1": {
        "pearson_bartok": [
            0.7541686661922965,
            1.4877873527557868e-06
        ],
        "pearson_henle": [
            0.7508177370334211,
            1.7577738223503985e-06
        ]
    },
    "10": {
        "pearson_bartok": [
            0.6881714205561283,
            2.6335881016578265e-05
        ],
        "pearson_henle": [
            0.6932477774240161,
            2.1687093492249903e-05
        ]
    },
    "11": {
        "pearson_bartok": [
            0.736873000824037,
            3.4251858233690507e-06
        ],
        "pearson_henle": [
            0.7250773088544111,
            5.836021821984097e-06
        ]
    },
    "12": {
        "pearson_bartok": [
            0.7944652710174743,
            1.5914252278630569e-07
        ],
        "pearson_henle": [
            0.7942330283858556,
            1.6142851098416772e-07
        ]
    },
    "13": {
        "pearson_bartok": [
            0.46923300408425045,
            0.008900306978882508
        ],
        "pearson_henle": [
            0.4913968623816927,
            0.005821571846008974
        ]
    },
    "14": {
        "pearson_bartok": [
            0.6290777857331504,
            0.00019632701897062866
        ],
        "pearson_henle": [
            0.6159336104652672,
            0.0002906269344414771
        ]
    },
    "15": {
        "pearson_bartok": [
            0.6638183467103606,
            6.354953836458204e-05
        ],
        "pearson_henle": [
            0.6287942072434501,
            0.00019803272223734388
        ]
    },
    "16": {
        "pearson_bartok": [
            0.737234688772958,
            3.3681928393432603e-06
        ],
        "pearson_henle": [
            0.7373519348960196,
            3.3499027108464373e-06
        ]
    },
    "17": {
        "pearson_bartok": [
            0.685593538362487,
            2.9023234937683223e-05
        ],
        "pearson_henle": [
            0.6571301778914564,
            7.98413016606996e-05
        ]
    },
    "18": {
        "pearson_bartok": [
            0.6816098191291938,
            3.366163068227905e-05
        ],
        "pearson_henle": [
            0.6821134872119271,
            3.3040657445777346e-05
        ]
    },
    "19": {
        "pearson_bartok": [
            0.6579030168587614,
            7.77853815404e-05
        ],
        "pearson_henle": [
            0.6712444828028679,
            4.899558857877574e-05
        ]
    },
    "2": {
        "pearson_bartok": [
            0.7445747909517677,
            2.3819681228533294e-06
        ],
        "pearson_henle": [
            0.7574292364605857,
            1.2617464131347261e-06
        ]
    },
    "20": {
        "pearson_bartok": [
            0.6223914637706268,
            0.0002402113667339712
        ],
        "pearson_henle": [
            0.6299669876138285,
            0.00019106270656261612
        ]
    },
    "21": {
        "pearson_bartok": [
            0.48451697802060517,
            0.006661172036585948
        ],
        "pearson_henle": [
            0.45740711436114834,
            0.01104148442442653
        ]
    },
    "22": {
        "pearson_bartok": [
            0.6755621760520506,
            4.19784753851444e-05
        ],
        "pearson_henle": [
            0.6701358738214341,
            5.0958714139435835e-05
        ]
    },
    "23": {
        "pearson_bartok": [
            0.5319378453845232,
            0.0024828629568880716
        ],
        "pearson_henle": [
            0.4962605385251496,
            0.005283940940699352
        ]
    },
    "24": {
        "pearson_bartok": [
            0.7838989421315912,
            2.9917572474320615e-07
        ],
        "pearson_henle": [
            0.7705730803925319,
            6.322066722672797e-07
        ]
    },
    "25": {
        "pearson_bartok": [
            0.7678009209980841,
            7.341130790162081e-07
        ],
        "pearson_henle": [
            0.7396499759106341,
            3.0090730027359618e-06
        ]
    },
    "26": {
        "pearson_bartok": [
            0.6199696235405968,
            0.00025812891543712714
        ],
        "pearson_henle": [
            0.6188565929670382,
            0.0002667529748982407
        ]
    },
    "27": {
        "pearson_bartok": [
            0.7750556730953685,
            4.943091731802616e-07
        ],
        "pearson_henle": [
            0.7780582670028832,
            4.178877666465036e-07
        ]
    },
    "28": {
        "pearson_bartok": [
            0.7946940091029658,
            1.5691990739066005e-07
        ],
        "pearson_henle": [
            0.7653551046763681,
            8.361746524296379e-07
        ]
    },
    "29": {
        "pearson_bartok": [
            0.6658000348652159,
            5.932992581200342e-05
        ],
        "pearson_henle": [
            0.6177010326477134,
            0.0002759753750385375
        ]
    },
    "3": {
        "pearson_bartok": [
            0.6798749878550377,
            3.588137384492354e-05
        ],
        "pearson_henle": [
            0.6905949412183826,
            2.4015341711554848e-05
        ]
    },
    "30": {
        "pearson_bartok": [
            0.7751060196475045,
            4.929294510511068e-07
        ],
        "pearson_henle": [
            0.7732943911983213,
            5.448436455108646e-07
        ]
    },
    "31": {
        "pearson_bartok": [
            0.6734389271955581,
            4.530797833954646e-05
        ],
        "pearson_henle": [
            0.6917127931468681,
            2.300822706320186e-05
        ]
    },
    "32": {
        "pearson_bartok": [
            0.7761186463998379,
            4.659118302655903e-07
        ],
        "pearson_henle": [
            0.7717012694527522,
            5.94550897888315e-07
        ]
    },
    "33": {
        "pearson_bartok": [
            0.6758193398227932,
            4.1590463750630847e-05
        ],
        "pearson_henle": [
            0.702475979615758,
            1.5082272620825502e-05
        ]
    },
    "34": {
        "pearson_bartok": [
            0.8492765506491897,
            2.968632758278145e-09
        ],
        "pearson_henle": [
            0.8537727274485307,
            2.0002915082960003e-09
        ]
    },
    "35": {
        "pearson_bartok": [
            0.7826360999583948,
            3.218686163512719e-07
        ],
        "pearson_henle": [
            0.7858011209043412,
            2.6773308141106396e-07
        ]
    },
    "36": {
        "pearson_bartok": [
            0.6102931026037236,
            0.00034209232068615206
        ],
        "pearson_henle": [
            0.6095249440023511,
            0.0003496898628755843
        ]
    },
    "37": {
        "pearson_bartok": [
            0.7637263402206244,
            9.111151170596436e-07
        ],
        "pearson_henle": [
            0.7617095065960595,
            1.0123386050850281e-06
        ]
    },
    "38": {
        "pearson_bartok": [
            0.8361540260067266,
            8.76984568142003e-09
        ],
        "pearson_henle": [
            0.8247933190650049,
            2.0809786853117797e-08
        ]
    },
    "39": {
        "pearson_bartok": [
            0.75943592926509,
            1.1386071192955943e-06
        ],
        "pearson_henle": [
            0.7567475505458479,
            1.3062491765537062e-06
        ]
    },
    "4": {
        "pearson_bartok": [
            0.4715099381211325,
            0.008531167372902677
        ],
        "pearson_henle": [
            0.45924354647165433,
            0.010683110615059528
        ]
    },