{
    "0": {
        "pearson_bartok": [
            0.7000911633341599,
            3.3665581902649096e-05
        ],
        "pearson_henle": [
            0.7173883690411786,
            1.7364179276075124e-05
        ]
    },
    "1": {
        "pearson_bartok": [
            0.9236568645850826,
            6.555535703709735e-12
        ],
        "pearson_henle": [
            0.9161725703053231,
            2.024794975863834e-11
        ]
    },
    "10": {
        "pearson_bartok": [
            0.8288349912748141,
            5.1009858028541866e-08
        ],
        "pearson_henle": [
            0.846978764750105,
            1.3251312897456682e-08
        ]
    },
    "11": {
        "pearson_bartok": [
            0.8991691077580649,
            7.959333344269575e-11
        ],
        "pearson_henle": [
            0.9018220674662393,
            5.715451425913028e-11
        ]
    },
    "12": {
        "pearson_bartok": [
            0.9245534537026509,
            2.124951733787501e-12
        ],
        "pearson_henle": [
            0.9168817846852099,
            7.159126889810193e-12
        ]
    },
    "13": {
        "pearson_bartok": [
            0.8607317471093777,
            2.1135136588063182e-09
        ],
        "pearson_henle": [
            0.8662261658535558,
            1.269925562725579e-09
        ]
    },
    "14": {
        "pearson_bartok": [
            0.8905058049141977,
            2.2094031925068024e-10
        ],
        "pearson_henle": [
            0.8612802293873477,
            4.029338259735754e-09
        ]
    },
    "15": {
        "pearson_bartok": [
            0.8266966883954263,
            3.2702721690923735e-08
        ],
        "pearson_henle": [
            0.8237349136727777,
            4.034911302956846e-08
        ]
    },
    "16": {
        "pearson_bartok": [
            0.8453495584369555,
            1.5060081578948373e-08
        ],
        "pearson_henle": [
            0.8782231148654639,
            8.189130493609586e-10
        ]
    },
    "17": {
        "pearson_bartok": [
            0.6543490925214478,
            0.0002874417676820887
        ],
        "pearson_henle": [
            0.6185413353577369,
            0.0007566933291405514
        ]
    },
    "18": {
        "pearson_bartok": [
            0.8361279916535003,
            8.787879226663535e-09
        ],
        "pearson_henle": [
            0.8353365132377764,
            9.352602937308145e-09
        ]
    },
    "19": {
        "pearson_bartok": [
            0.8548106935358281,
            1.3769989567418544e-08
        ],
        "pearson_henle": [
            0.8073950645219256,
            3.587725379652378e-07
        ]
    },
    "2": {
        "pearson_bartok": [
            0.8639345872154979,
            6.442609974933005e-09
        ],
        "pearson_henle": [
            0.8699182406546054,
            3.798410681762785e-09
        ]
    },
    "20": {
        "pearson_bartok": [
            0.8905731967877403,
            1.101507944523227e-09
        ],
        "pearson_henle": [
            0.8780667501657703,
            3.775242526678914e-09
        ]
    },
    "21": {
        "pearson_bartok": [
            0.6786511658937486,
            5.19525923989035e-05
        ],
        "pearson_henle": [
            0.6653103748950783,
            8.218989925882583e-05
        ]
    },
    "22": {
        "pearson_bartok": [
            0.7525701635267597,
            3.847553910517524e-06
        ],
        "pearson_henle": [
            0.7336532208335721,
            8.905140429668423e-06
        ]
    },
    "23": {
        "pearson_bartok": [
            0.7550977262598134,
            8.26024365504203e-06
        ],
        "pearson_henle": [
            0.7834480551883862,
            2.214069529446366e-06
        ]
    },
    "24": {
        "pearson_bartok": [
            0.847911770164289,
            6.407559358678896e-09
        ],
        "pearson_henle": [
            0.8506027645798429,
            5.120427264669464e-09
        ]
    },
    "25": {
        "pearson_bartok": [
            0.89063740207751,
            9.719673703286485e-11
        ],
        "pearson_henle": [
            0.9049936156261865,
            1.5869549479600974e-11
        ]
    },
    "26": {
        "pearson_bartok": [
            0.8063900495079925,
            2.209745901462895e-07
        ],
        "pearson_henle": [
            0.8055391414337529,
            2.327304052169667e-07
        ]
    },
    "27": {
        "pearson_bartok": [
            0.9146060607273967,
            1.0037934881452637e-11
        ],
        "pearson_henle": [
            0.9135222864434118,
            1.1752299115463905e-11
        ]
    },
    "28": {
        "pearson_bartok": [
            0.8654218088045681,
            5.6630645419087044e-09
        ],
        "pearson_henle": [
            0.8362267452569534,
            5.581359264960388e-08
        ]
    },
    "29": {
        "pearson_bartok": [
            0.7991899770370036,
            2.0072968673404156e-07
        ],
        "pearson_henle": [
            0.7834579280434685,
            5.024606077284852e-07
        ]
    },
    "3": {
        "pearson_bartok": [
            0.8416745482672015,
            1.9993124500865986e-08
        ],
        "pearson_henle": [
            0.8522830777318047,
            8.645941028970986e-09
        ]
    },
    "30": {
        "pearson_bartok": [
            0.8106766223851829,
            2.949843546573709e-07
        ],
        "pearson_henle": [
            0.8016422436639143,
            5.012611200950661e-07
        ]
    },
    "31": {
        "pearson_bartok": [
            0.8412259483549915,
            2.0686603608252038e-08
        ],
        "pearson_henle": [
            0.8234047834846814,
            7.409235985319243e-08
        ]
    },
    "32": {
        "pearson_bartok": [
            0.9023131605157153,
            2.273088981419013e-11
        ],
        "pearson_henle": [
            0.903290181570098,
            1.9964624306004574e-11
        ]
    },
    "33": {
        "pearson_bartok": [
            0.940453796618817,
            1.0734504957085262e-13
        ],
        "pearson_henle": [
            0.9402201512019628,
            1.1280052449562399e-13
        ]
    },
    "34": {
        "pearson_bartok": [
            0.9376689053027251,
            1.9138950309435223e-13
        ],
        "pearson_henle": [
            0.9353100645287198,
            3.060294709383737e-13
        ]
    },
    "35": {
        "pearson_bartok": [
            0.8900970789264258,
            1.1574759414940792e-09
        ],
        "pearson_henle": [
            0.9122400448915515,
            8.748985888692218e-11
        ]
    },
    "36": {
        "pearson_bartok": [
            0.8153807823270494,
            3.8977351851583944e-07
        ],
        "pearson_henle": [
            0.7963152411080323,
            1.1405918257967107e-06
        ]
    },
    "37": {
        "pearson_bartok": [
            0.8621187427240977,
            3.742500476292607e-09
        ],
        "pearson_henle": [
            0.8634588022248092,
            3.3225408896148627e-09
        ]
    },
    "38": {
        "pearson_bartok": [
            0.9068222330254417,
            1.2343483674335884e-11
        ],
        "pearson_henle": [
            0.890568789499271,
            9.798210595993718e-11
        ]
    },
    "39": {
        "pearson_bartok": [
            0.9148921876929109,
            1.552283617799268e-10
        ],
        "pearson_henle": [
            0.9092410289557201,
            3.160332577866378e-10
        ]
    },
    "4": {
        "pearson_bartok": [
            0.8189627323268528,
            9.96273464022032e-08
        ],
        "pearson_henle": [
            0.8288049915853144,
            5.1116974615118065e-08
        ]
    },