{
    "0": {
        "pearson_bartok": [
            0.7022656691944708,
            3.105560736471033e-05
        ],
        "pearson_henle": [
            0.7114331882191908,
            2.192577494397988e-05
        ]
    },
    "1": {
        "pearson_bartok": [
            0.9010252995637434,
            6.319317050719789e-11
        ],
        "pearson_henle": [
            0.9002826411893584,
            6.934214115758256e-11
        ]
    },
    "10": {
        "pearson_bartok": [
            0.8303486542455001,
            4.5862687901778475e-08
        ],
        "pearson_henle": [
            0.848492427720791,
            1.1750471608786312e-08
        ]
    },
    "11": {
        "pearson_bartok": [
            0.9093019399767865,
            2.1306888093480765e-11
        ],
        "pearson_henle": [
            0.8942685016304649,
            1.4335079410692277e-10
        ]
    },
    "12": {
        "pearson_bartok": [
            0.8732535837941091,
            3.0647274557211596e-10
        ],
        "pearson_henle": [
            0.8689135496157351,
            4.775082332484195e-10
        ]
    },
    "13": {
        "pearson_bartok": [
            0.846213508691602,
            7.365440268457178e-09
        ],
        "pearson_henle": [
            0.8411197246475203,
            1.10772637582565e-08
        ]
    },
    "14": {
        "pearson_bartok": [
            0.8845041166291399,
            1.9555496140452299e-10
        ],
        "pearson_henle": [
            0.889531711498802,
            1.1058472741442013e-10
        ]
    },
    "15": {
        "pearson_bartok": [
            0.806852797753681,
            1.2464775582583492e-07
        ],
        "pearson_henle": [
            0.8114731663210127,
            9.25685779334672e-08
        ]
    },
    "16": {
        "pearson_bartok": [
            0.8932557796755524,
            3.14530057820911e-11
        ],
        "pearson_henle": [
            0.886907739584078,
            6.781524517525739e-11
        ]
    },
    "17": {
        "pearson_bartok": [
            0.7404414866433786,
            4.38742957564909e-06
        ],
        "pearson_henle": [
            0.7123531383376642,
            1.4591794646184327e-05
        ]
    },
    "18": {
        "pearson_bartok": [
            0.8117360659325503,
            5.2230407438721204e-08
        ],
        "pearson_henle": [
            0.8186075376327,
            3.2475081392984755e-08
        ]
    },
    "19": {
        "pearson_bartok": [
            0.8725769578604825,
            6.84913977669192e-10
        ],
        "pearson_henle": [
            0.8302372055153464,
            2.5306731409031707e-08
        ]
    },
    "2": {
        "pearson_bartok": [
            0.881024081580491,
            2.857909557737983e-10
        ],
        "pearson_henle": [
            0.852958942145005,
            4.192465008080544e-09
        ]
    },
    "20": {
        "pearson_bartok": [
            0.8998098786869474,
            3.15030942484233e-11
        ],
        "pearson_henle": [
            0.8881018662991946,
            1.3040594261695743e-10
        ]
    },
    "21": {
        "pearson_bartok": [
            0.6751416154792586,
            5.8746870346698516e-05
        ],
        "pearson_henle": [
            0.6881674468253465,
            3.691639569829195e-05
        ]
    },
    "22": {
        "pearson_bartok": [
            0.8181132614173814,
            5.9496763605128054e-08
        ],
        "pearson_henle": [
            0.7831713879613194,
            5.105703924421906e-07
        ]
    },
    "23": {
        "pearson_bartok": [
            0.8098463222122997,
            1.785525625046213e-07
        ],
        "pearson_henle": [
            0.8014423101741199,
            2.976635945919908e-07
        ]
    },
    "24": {
        "pearson_bartok": [
            0.8440916871827683,
            8.745556788562986e-09
        ],
        "pearson_henle": [
            0.8381827903542095,
            1.3926461916310106e-08
        ]
    },
    "25": {
        "pearson_bartok": [
            0.8719678210888393,
            3.500836753447241e-10
        ],
        "pearson_henle": [
            0.853379794063932,
            2.071587243529342e-09
        ]
    },
    "26": {
        "pearson_bartok": [
            0.7928917973324541,
            2.9255358745213147e-07
        ],
        "pearson_henle": [
            0.7947551031788943,
            2.6205463085031e-07
        ]
    },
    "27": {
        "pearson_bartok": [
            0.9202310885236965,
            6.318655609377596e-13
        ],
        "pearson_henle": [
            0.9251520063165678,
            2.6723758690546333e-13
        ]
    },
    "28": {
        "pearson_bartok": [
            0.8533362962364398,
            7.927497396200334e-09
        ],
        "pearson_henle": [
            0.8271752085816451,
            5.725291764465657e-08
        ]
    },
    "29": {
        "pearson_bartok": [
            0.7952516997119822,
            2.54429169755783e-07
        ],
        "pearson_henle": [
            0.7595544801081774,
            1.7698594362674945e-06
        ]
    },
    "3": {
        "pearson_bartok": [
            0.8678435591420626,
            2.2307903755547934e-09
        ],
        "pearson_henle": [
            0.8597207921165821,
            4.616692345632876e-09
        ]
    },
    "30": {
        "pearson_bartok": [
            0.8369467373317122,
            2.8490907151012313e-08
        ],
        "pearson_henle": [
            0.8340464781333774,
            3.521189285678905e-08
        ]
    },
    "31": {
        "pearson_bartok": [
            0.850092060866784,
            2.7661137064129605e-09
        ],
        "pearson_henle": [
            0.8480174497843268,
            3.3081408219794482e-09
        ]
    },
    "32": {
        "pearson_bartok": [
            0.8950618323777195,
            5.718154576605656e-11
        ],
        "pearson_henle": [
            0.8857343344991607,
            1.705128638829289e-10
        ]
    },
    "33": {
        "pearson_bartok": [
            0.944375701830302,
            4.5274391257323724e-14
        ],
        "pearson_henle": [
            0.9255171788984813,
            1.8079134035706393e-12
        ]
    },
    "34": {
        "pearson_bartok": [
            0.9369148791496766,
            7.646833585817556e-14
        ],
        "pearson_henle": [
            0.9347395301548378,
            1.1928585995250906e-13
        ]
    },
    "35": {
        "pearson_bartok": [
            0.9016513705929862,
            1.376256062168052e-10
        ],
        "pearson_henle": [
            0.8699079686676087,
            3.801941334078865e-09
        ]
    },
    "36": {
        "pearson_bartok": [
            0.8476713449813822,
            2.4092238776136903e-08
        ],
        "pearson_henle": [
            0.8305028847334178,
            8.297921359310861e-08
        ]
    },
    "37": {
        "pearson_bartok": [
            0.8507863250143393,
            2.6037751720139036e-09
        ],
        "pearson_henle": [
            0.8500820339073485,
            2.768524825750859e-09
        ]
    },
    "38": {
        "pearson_bartok": [
            0.8953654188948306,
            5.509012858126008e-11
        ],
        "pearson_henle": [
            0.8783827580619025,
            3.78216021883083e-10
        ]
    },
    "39": {
        "pearson_bartok": [
            0.9250067323472774,
            1.969976068952058e-12
        ],
        "pearson_henle": [
            0.9240464201696045,
            2.3115101047945377e-12
        ]
    },
    "4": {
        "pearson_bartok": [
            0.7851932301008838,
            7.492689464312188e-07
        ],
        "pearson_henle": [
            0.7686099924006313,
            1.7786053893846143e-06
        ]
    },