{
    "0": {
        "pearson_bartok": [
            0.5038420032220262,
            0.005326401837895812
        ],
        "pearson_henle": [
            0.5301608848512209,
            0.003094540133805405
        ]
    },
    "1": {
        "pearson_bartok": [
            0.7746750466403644,
            8.121799377289128e-07
        ],
        "pearson_henle": [
            0.7833817577555532,
            5.046049331305893e-07
        ]
    },
    "10": {
        "pearson_bartok": [
            0.822495287946007,
            4.400762757419719e-08
        ],
        "pearson_henle": [
            0.8186948092244479,
            5.7189137509012046e-08
        ]
    },
    "11": {
        "pearson_bartok": [
            0.6736580600572396,
            4.4953743493720144e-05
        ],
        "pearson_henle": [
            0.6714318308686059,
            4.867059929675786e-05
        ]
    },
    "12": {
        "pearson_bartok": [
            0.7694266122960861,
            6.726804210893003e-07
        ],
        "pearson_henle": [
            0.7708200680857982,
            6.237824276736424e-07
        ]
    },
    "13": {
        "pearson_bartok": [
            0.7328333030817736,
            4.123714152857098e-06
        ],
        "pearson_henle": [
            0.7289015668374864,
            4.9247119674959526e-06
        ]
    },
    "14": {
        "pearson_bartok": [
            0.81076051495856,
            5.578874304412852e-08
        ],
        "pearson_henle": [
            0.7614660411606565,
            1.0252243121280407e-06
        ]
    },
    "15": {
        "pearson_bartok": [
            0.69588497147845,
            2.771972624568959e-05
        ],
        "pearson_henle": [
            0.7319791327651267,
            6.399747604967843e-06
        ]
    },
    "16": {
        "pearson_bartok": [
            0.8643127367255057,
            7.513517343709417e-10
        ],
        "pearson_henle": [
            0.8340632369756308,
            1.0331186298096917e-08
        ]
    },
    "17": {
        "pearson_bartok": [
            0.6713345769508012,
            4.8839062403764994e-05
        ],
        "pearson_henle": [
            0.6781003086410398,
            3.828693277063641e-05
        ]
    },
    "18": {
        "pearson_bartok": [
            0.8722302002980032,
            3.4074646389586123e-10
        ],
        "pearson_henle": [
            0.8694600258429692,
            4.519687768995007e-10
        ]
    },
    "19": {
        "pearson_bartok": [
            0.7704002264006342,
            6.381637147814874e-07
        ],
        "pearson_henle": [
            0.7515920991803524,
            1.69171516566483e-06
        ]
    },
    "2": {
        "pearson_bartok": [
            0.5839334603256984,
            0.0007047850437486102
        ],
        "pearson_henle": [
            0.5953753294049758,
            0.0005189471944111411
        ]
    },
    "20": {
        "pearson_bartok": [
            0.862672270782258,
            8.796581974918002e-10
        ],
        "pearson_henle": [
            0.8517219365051487,
            2.3988132501533445e-09
        ]
    },
    "21": {
        "pearson_bartok": [
            0.6979394837882182,
            1.806060789759236e-05
        ],
        "pearson_henle": [
            0.7054561203328141,
            1.3374232794280795e-05
        ]
    },
    "22": {
        "pearson_bartok": [
            0.6625060516156263,
            9.025072371050034e-05
        ],
        "pearson_henle": [
            0.6589511153593107,
            0.00010147551425259783
        ]
    },
    "23": {
        "pearson_bartok": [
            0.5984136721568194,
            0.0004775094377732813
        ],
        "pearson_henle": [
            0.5977732136387525,
            0.0004859932566886783
        ]
    },
    "24": {
        "pearson_bartok": [
            0.7644909432821179,
            1.381113587451341e-06
        ],
        "pearson_henle": [
            0.7244271173330668,
            8.860256321843992e-06
        ]
    },
    "25": {
        "pearson_bartok": [
            0.7089948572004795,
            1.1573390238725795e-05
        ],
        "pearson_henle": [
            0.7033142485798479,
            1.4583031520383406e-05
        ]
    },
    "26": {
        "pearson_bartok": [
            0.8734101633604248,
            3.015176965128401e-10
        ],
        "pearson_henle": [
            0.8785057564549976,
            1.752699974355987e-10
        ]
    },
    "27": {
        "pearson_bartok": [
            0.6485130209708941,
            0.00010627467323802909
        ],
        "pearson_henle": [
            0.640956492970316,
            0.00013559270544873407
        ]
    },
    "28": {
        "pearson_bartok": [
            0.7262640598137626,
            8.194125286632688e-06
        ],
        "pearson_henle": [
            0.7407933743048868,
            4.317757226590067e-06
        ]
    },
    "29": {
        "pearson_bartok": [
            0.8157204634449459,
            3.974590134270122e-08
        ],
        "pearson_henle": [
            0.8196381140542438,
            3.018953251210427e-08
        ]
    },
    "3": {
        "pearson_bartok": [
            0.7873446654682171,
            4.034080011675619e-07
        ],
        "pearson_henle": [
            0.7737247669522184,
            8.544050190857781e-07
        ]
    },
    "30": {
        "pearson_bartok": [
            0.7940099686824579,
            1.6365224561032705e-07
        ],
        "pearson_henle": [
            0.782777872297523,
            3.192451882332502e-07
        ]
    },
    "31": {
        "pearson_bartok": [
            0.8167253992905983,
            3.706158593535649e-08
        ],
        "pearson_henle": [
            0.7946653681138038,
            1.5719664968110144e-07
        ]
    },
    "32": {
        "pearson_bartok": [
            0.7908770303640353,
            1.979802029787569e-07
        ],
        "pearson_henle": [
            0.7924991491118176,
            1.7946408770347245e-07
        ]
    },
    "33": {
        "pearson_bartok": [
            0.928238183063266,
            1.511073348149813e-13
        ],
        "pearson_henle": [
            0.9325391657248967,
            6.534188180890619e-14
        ]
    },
    "34": {
        "pearson_bartok": [
            0.6083975045735304,
            0.00036111070728892983
        ],
        "pearson_henle": [
            0.6106020815848201,
            0.0003390776871876242
        ]
    },
    "35": {
        "pearson_bartok": [
            0.671905382922573,
            6.570263726835373e-05
        ],
        "pearson_henle": [
            0.6786015558519316,
            5.2043526099843265e-05
        ]
    },
    "36": {
        "pearson_bartok": [
            0.6751159750390808,
            5.8799293107836875e-05
        ],
        "pearson_henle": [
            0.6807183738411998,
            4.828720140260708e-05
        ]
    },
    "37": {
        "pearson_bartok": [
            0.7607491096319812,
            1.0640380792170408e-06
        ],
        "pearson_henle": [
            0.763390201283197,
            9.273200216021079e-07
        ]
    },
    "38": {
        "pearson_bartok": [
            0.7669556302944193,
            7.68029719951544e-07
        ],
        "pearson_henle": [
            0.7414015335455598,
            2.770716014607929e-06
        ]
    },
    "39": {
        "pearson_bartok": [
            0.8420264925231264,
            1.0311859341401645e-08
        ],
        "pearson_henle": [
            0.8377998324774785,
            1.4343606388170609e-08
        ]
    },
    "4": {
        "pearson_bartok": [
            0.6723037377336083,
            4.718334580718397e-05
        ],
        "pearson_henle": [
            0.664314957184824,
            6.246767669802967e-05
        ]
    },