{
    "0": {
        "pearson_bartok": [
            0.6500530304670082,
            0.00013519059302744793
        ],
        "pearson_henle": [
            0.6381041685348439,
            0.00019594441895454017
        ]
    },
    "1": {
        "pearson_bartok": [
            0.7835739262521536,
            4.992109304429045e-07
        ],
        "pearson_henle": [
            0.7923397661355271,
            3.021888992625685e-07
        ]
    },
    "10": {
        "pearson_bartok": [
            0.7264959406313316,
            8.113323560217993e-06
        ],
        "pearson_henle": [
            0.7217639720270377,
            9.91258283159288e-06
        ]
    },
    "11": {
        "pearson_bartok": [
            0.7028316306187368,
            1.4868612955754013e-05
        ],
        "pearson_henle": [
            0.717401802248824,
            8.138179719667739e-06
        ]
    },
    "12": {
        "pearson_bartok": [
            0.7963086969059474,
            1.4201751646540886e-07
        ],
        "pearson_henle": [
            0.7980360014786113,
            1.2751350938409917e-07
        ]
    },
    "13": {
        "pearson_bartok": [
            0.6381062948952955,
            0.00014839393379605404
        ],
        "pearson_henle": [
            0.6283291454736609,
            0.00020085849579206698
        ]
    },
    "14": {
        "pearson_bartok": [
            0.7656947711829606,
            8.212702000072599e-07
        ],
        "pearson_henle": [
            0.7417574113455148,
            2.7244288162569153e-06
        ]
    },
    "15": {
        "pearson_bartok": [
            0.5251090409705361,
            0.0034460149227482444
        ],
        "pearson_henle": [
            0.5232924858073117,
            0.0035805049351345115
        ]
    },
    "16": {
        "pearson_bartok": [
            0.6861991263488887,
            2.83707409759838e-05
        ],
        "pearson_henle": [
            0.7275032605588508,
            5.2418280879602206e-06
        ]
    },
    "17": {
        "pearson_bartok": [
            0.7472308090566231,
            2.095319272813458e-06
        ],
        "pearson_henle": [
            0.7346087182151564,
            3.8022457180196772e-06
        ]
    },
    "18": {
        "pearson_bartok": [
            0.7205721429577909,
            7.103091633540781e-06
        ],
        "pearson_henle": [
            0.7199245697085623,
            7.304311449375619e-06
        ]
    },
    "19": {
        "pearson_bartok": [
            0.846160065951489,
            3.874304308966752e-09
        ],
        "pearson_henle": [
            0.8268773411284525,
            1.7842561617269995e-08
        ]
    },
    "2": {
        "pearson_bartok": [
            0.7112536825082755,
            1.0541218110204161e-05
        ],
        "pearson_henle": [
            0.6899394737158764,
            2.462411373380612e-05
        ]
    },
    "20": {
        "pearson_bartok": [
            0.6177066003412783,
            0.00027593027216223234
        ],
        "pearson_henle": [
            0.6144029884397315,
            0.00030386688779938394
        ]
    },
    "21": {
        "pearson_bartok": [
            0.6683934803068287,
            5.4186550411534526e-05
        ],
        "pearson_henle": [
            0.6488210748998475,
            0.00010520968639209029
        ]
    },
    "22": {
        "pearson_bartok": [
            0.6301741313604031,
            0.00024856154807832964
        ],
        "pearson_henle": [
            0.6117019625854984,
            0.00042211851073059944
        ]
    },
    "23": {
        "pearson_bartok": [
            0.726599560846385,
            5.4564663256693465e-06
        ],
        "pearson_henle": [
            0.740218722862925,
            2.9297175237147906e-06
        ]
    },
    "24": {
        "pearson_bartok": [
            0.7899895267301984,
            3.465199714995432e-07
        ],
        "pearson_henle": [
            0.7885781660227401,
            3.7589927285596483e-07
        ]
    },
    "25": {
        "pearson_bartok": [
            0.746876785694278,
            2.131629239947312e-06
        ],
        "pearson_henle": [
            0.7114486112200424,
            1.0456156127406113e-05
        ]
    },
    "26": {
        "pearson_bartok": [
            0.708194687597825,
            1.1960301803051182e-05
        ],
        "pearson_henle": [
            0.7033773521466419,
            1.4546058112107648e-05
        ]
    },
    "27": {
        "pearson_bartok": [
            0.47207726674988676,
            0.008441230973608263
        ],
        "pearson_henle": [
            0.47037579686896175,
            0.008713386045899864
        ]
    },
    "28": {
        "pearson_bartok": [
            0.8335251249060999,
            1.9839745200427986e-08
        ],
        "pearson_henle": [
            0.8104609803931453,
            9.887118936413204e-08
        ]
    },
    "29": {
        "pearson_bartok": [
            0.7616793787243454,
            1.0139251507163158e-06
        ],
        "pearson_henle": [
            0.7442655154897158,
            2.4175558913446722e-06
        ]
    },
    "3": {
        "pearson_bartok": [
            0.7616517759700208,
            1.5940043712752654e-06
        ],
        "pearson_henle": [
            0.7323494355596213,
            6.29673707059795e-06
        ]
    },
    "30": {
        "pearson_bartok": [
            0.7586438306962323,
            1.1858476379265048e-06
        ],
        "pearson_henle": [
            0.7646930943874174,
            8.659313587585712e-07
        ]
    },
    "31": {
        "pearson_bartok": [
            0.5747565933733464,
            0.000893688272957105
        ],
        "pearson_henle": [
            0.5999458295995136,
            0.0004577407761125032
        ]
    },
    "32": {
        "pearson_bartok": [
            0.792875712392553,
            1.753979691135456e-07
        ],
        "pearson_henle": [
            0.781593297173603,
            3.4177624665739743e-07
        ]
    },
    "33": {
        "pearson_bartok": [
            0.7384750469484553,
            3.1791969778675827e-06
        ],
        "pearson_henle": [
            0.6945514584479913,
            2.061898225200493e-05
        ]
    },
    "34": {
        "pearson_bartok": [
            0.7952789176687178,
            1.51364497052471e-07
        ],
        "pearson_henle": [
            0.7917399914137526,
            1.879237029551836e-07
        ]
    },
    "35": {
        "pearson_bartok": [
            0.791632954899505,
            3.14946215605684e-07
        ],
        "pearson_henle": [
            0.7862938730171631,
            4.2826927861392957e-07
        ]
    },
    "36": {
        "pearson_bartok": [
            0.7101998495048101,
            1.590801538817409e-05
        ],
        "pearson_henle": [
            0.6963499849251451,
            2.723767669430883e-05
        ]
    },
    "37": {
        "pearson_bartok": [
            0.7629260094172257,
            9.50128424705691e-07
        ],
        "pearson_henle": [
            0.7616934999799916,
            1.0131812390616343e-06
        ]
    },
    "38": {
        "pearson_bartok": [
            0.7296811208431503,
            4.755543833797378e-06
        ],
        "pearson_henle": [
            0.7320491837676781,
            4.273355295016596e-06
        ]
    },
    "39": {
        "pearson_bartok": [
            0.528719051827136,
            0.003191562168806212
        ],
        "pearson_henle": [
            0.5253277000909045,
            0.0034301223714701375
        ]
    },
    "4": {
        "pearson_bartok": [
            0.5963028939308705,
            0.0005059736658465062
        ],
        "pearson_henle": [
            0.5955020626289143,
            0.0005171575328964034
        ]
    },