{
    "0": {
        "pearson_bartok": [
            0.6721440872560275,
            0.00012311508379272827
        ],
        "pearson_henle": [
            0.6727898966704936,
            0.00012059901182886023
        ]
    },
    "1": {
        "pearson_bartok": [
            0.9162610031797316,
            3.308144039647612e-10
        ],
        "pearson_henle": [
            0.9132242685707502,
            4.824883849308727e-10
        ]
    },
    "10": {
        "pearson_bartok": [
            0.8696077682914932,
            1.6676896845458953e-08
        ],
        "pearson_henle": [
            0.8456976660347189,
            1.0223279193752653e-07
        ]
    },
    "11": {
        "pearson_bartok": [
            0.8811259206922804,
            2.8290439973938823e-09
        ],
        "pearson_henle": [
            0.8684539565950884,
            8.912347485006859e-09
        ]
    },
    "12": {
        "pearson_bartok": [
            0.8988213219041811,
            2.4390218966884013e-09
        ],
        "pearson_henle": [
            0.9006846079662961,
            2.0058281407339684e-09
        ]
    },
    "13": {
        "pearson_bartok": [
            0.8696291565822316,
            1.8890301014693533e-09
        ],
        "pearson_henle": [
            0.8516901593575874,
            9.076016379472168e-09
        ]
    },
    "14": {
        "pearson_bartok": [
            0.8487180107104434,
            2.2235027289066466e-08
        ],
        "pearson_henle": [
            0.8291345816761964,
            9.103378084871599e-08
        ]
    },
    "15": {
        "pearson_bartok": [
            0.7779007926336627,
            2.907432302171836e-06
        ],
        "pearson_henle": [
            0.774099893477365,
            3.4887678578144422e-06
        ]
    },
    "16": {
        "pearson_bartok": [
            0.7853835817378623,
            3.311885902166259e-06
        ],
        "pearson_henle": [
            0.8112819032294355,
            8.654705646240825e-07
        ]
    },
    "17": {
        "pearson_bartok": [
            0.5231944899561644,
            0.010412927230335772
        ],
        "pearson_henle": [
            0.4812447060423763,
            0.02007898488319735
        ]
    },
    "18": {
        "pearson_bartok": [
            0.8367078018573745,
            5.3947039590497454e-08
        ],
        "pearson_henle": [
            0.8432266357444289,
            3.365092265696142e-08
        ]
    },
    "19": {
        "pearson_bartok": [
            0.7654311371858976,
            8.275137257369112e-06
        ],
        "pearson_henle": [
            0.7538302218380237,
            1.3544268642013275e-05
        ]
    },
    "2": {
        "pearson_bartok": [
            0.8327595394324404,
            2.413161755137187e-07
        ],
        "pearson_henle": [
            0.827252336969393,
            3.4036322337909373e-07
        ]
    },
    "20": {
        "pearson_bartok": [
            0.8794822664528995,
            7.090843465403464e-09
        ],
        "pearson_henle": [
            0.8764126226879912,
            9.32222032212161e-09
        ]
    },
    "21": {
        "pearson_bartok": [
            0.7843686085055364,
            2.1145942478271743e-06
        ],
        "pearson_henle": [
            0.8053988292545314,
            6.938634585957985e-07
        ]
    },
    "22": {
        "pearson_bartok": [
            0.7598370680188528,
            1.053004997353712e-05
        ],
        "pearson_henle": [
            0.7175221399648715,
            5.40842598012334e-05
        ]
    },
    "23": {
        "pearson_bartok": [
            0.7130685203835077,
            9.196710514025685e-05
        ],
        "pearson_henle": [
            0.7337185348547569,
            4.501574938994185e-05
        ]
    },
    "24": {
        "pearson_bartok": [
            0.8424083449542782,
            1.8904243478341227e-08
        ],
        "pearson_henle": [
            0.8560215902110402,
            6.33495136965689e-09
        ]
    },
    "25": {
        "pearson_bartok": [
            0.864639895850447,
            2.4992678849111878e-08
        ],
        "pearson_henle": [
            0.8513300488512978,
            6.862903546152772e-08
        ]
    },
    "26": {
        "pearson_bartok": [
            0.7691933613476813,
            1.1201113088003795e-05
        ],
        "pearson_henle": [
            0.7680711248550445,
            1.1747793980566686e-05
        ]
    },
    "27": {
        "pearson_bartok": [
            0.8885554836622453,
            6.721653772370922e-09
        ],
        "pearson_henle": [
            0.8897444192817858,
            6.007876016785544e-09
        ]
    },
    "28": {
        "pearson_bartok": [
            0.7791143282946563,
            4.460474892820821e-06
        ],
        "pearson_henle": [
            0.7426168679096082,
            2.127564593766615e-05
        ]
    },
    "29": {
        "pearson_bartok": [
            0.6929725284332733,
            6.161966948852242e-05
        ],
        "pearson_henle": [
            0.6896003105130575,
            6.918864952997419e-05
        ]
    },
    "3": {
        "pearson_bartok": [
            0.8175742187261167,
            3.418018461185204e-07
        ],
        "pearson_henle": [
            0.7961364075070771,
            1.1515209225289638e-06
        ]
    },
    "30": {
        "pearson_bartok": [
            0.833132530120482,
            2.3565563337232606e-07
        ],
        "pearson_henle": [
            0.8212465245597778,
            4.886604531636703e-07
        ]
    },
    "31": {
        "pearson_bartok": [
            0.8184142605390636,
            1.8311181702497313e-07
        ],
        "pearson_henle": [
            0.8085745285232416,
            3.3453900941295914e-07
        ]
    },
    "32": {
        "pearson_bartok": [
            0.8518497604863678,
            3.392570493987766e-08
        ],
        "pearson_henle": [
            0.8343262090968124,
            1.1795326399190943e-07
        ]
    },
    "33": {
        "pearson_bartok": [
            0.9245928405868152,
            1.51211276132885e-11
        ],
        "pearson_henle": [
            0.9291503163905014,
            7.329343393023245e-12
        ]
    },
    "34": {
        "pearson_bartok": [
            0.9260198875758309,
            1.2113357745223173e-11
        ],
        "pearson_henle": [
            0.9198096580895314,
            3.084498203123932e-11
        ]
    },
    "35": {
        "pearson_bartok": [
            0.849029503278886,
            8.091767284860538e-08
        ],
        "pearson_henle": [
            0.8871139106018061,
            3.47399736260193e-09
        ]
    },
    "36": {
        "pearson_bartok": [
            0.8016916493973262,
            1.45508379020012e-06
        ],
        "pearson_henle": [
            0.7884878771467321,
            2.8475408161121663e-06
        ]
    },
    "37": {
        "pearson_bartok": [
            0.8366630735598668,
            5.411817396754994e-08
        ],
        "pearson_henle": [
            0.8358470689315232,
            5.732787780571688e-08
        ]
    },
    "38": {
        "pearson_bartok": [
            0.8864058660493717,
            3.7196008974655556e-09
        ],
        "pearson_henle": [
            0.8914399422431845,
            2.265675611029777e-09
        ]
    },
    "39": {
        "pearson_bartok": [
            0.854040437132088,
            8.420259401910246e-07
        ],
        "pearson_henle": [
            0.8549456688541665,
            7.966497718089666e-07
        ]
    },
    "4": {
        "pearson_bartok": [
            0.8023396421244278,
            8.226177398240389e-07
        ],
        "pearson_henle": [
            0.8087525984701296,
            5.737701081160239e-07
        ]
    },