{
    "0:20": {
        "epoch": 20,
        "test_balanced_acc": 0.7416472416472417,
        "train_balanced_acc": 0.88
    },
    "10:20": {
        "epoch": 20,
        "test_balanced_acc": 0.7365967365967366,
        "train_balanced_acc": 0.8644444444444446
    },
    "11:20": {
        "epoch": 20,
        "test_balanced_acc": 0.7972027972027972,
        "train_balanced_acc": 0.9166666666666666
    },
    "12:20": {
        "epoch": 20,
        "test_balanced_acc": 0.7715617715617715,
        "train_balanced_acc": 0.8174603174603173
    },
    "13:20": {
        "epoch": 20,
        "test_balanced_acc": 0.6604506604506604,
        "train_balanced_acc": 0.9615384615384616
    },
    "14:20": {
        "epoch": 20,
        "test_balanced_acc": 0.8228438228438227,
        "train_balanced_acc": 0.8255494505494506
    },
    "15:20": {
        "epoch": 20,
        "test_balanced_acc": 0.8275058275058275,
        "train_balanced_acc": 0.8686419753086421
    },
    "16:20": {
        "epoch": 20,
        "test_balanced_acc": 0.771950271950272,
        "train_balanced_acc": 0.8419753086419753
    },
    "17:20": {
        "epoch": 20,
        "test_balanced_acc": 0.6814296814296815,
        "train_balanced_acc": 0.7287199480181936
    },
    "18:20": {
        "epoch": 20,
        "test_balanced_acc": 0.6301476301476301,
        "train_balanced_acc": 0.8152046783625732
    },
    "19:20": {
        "epoch": 20,
        "test_balanced_acc": 0.6250971250971252,
        "train_balanced_acc": 0.9075462268865567
    },
    "1:20": {
        "epoch": 20,
        "test_balanced_acc": 0.7672882672882673,
        "train_balanced_acc": 0.8729096989966555
    },
    "20:20": {
        "epoch": 20,
        "test_balanced_acc": 0.7715617715617715,
        "train_balanced_acc": 0.8661809205287466
    },
    "21:20": {
        "epoch": 20,
        "test_balanced_acc": 0.6604506604506604,
        "train_balanced_acc": 0.8596743295019157
    },
    "22:20": {
        "epoch": 20,
        "test_balanced_acc": 0.7972027972027972,
        "train_balanced_acc": 0.8969230769230769
    },
    "23:20": {
        "epoch": 20,
        "test_balanced_acc": 0.7416472416472417,
        "train_balanced_acc": 0.9343209876543209
    },
    "24:20": {
        "epoch": 20,
        "test_balanced_acc": 0.7622377622377622,
        "train_balanced_acc": 0.8585858585858586
    },
    "25:20": {
        "epoch": 20,
        "test_balanced_acc": 0.7672882672882673,
        "train_balanced_acc": 0.8662926601215521
    },
    "26:20": {
        "epoch": 20,
        "test_balanced_acc": 0.7975912975912977,
        "train_balanced_acc": 0.7987654320987655
    },
    "27:20": {
        "epoch": 20,
        "test_balanced_acc": 0.6045066045066045,
        "train_balanced_acc": 0.8568986568986569
    },
    "28:20": {
        "epoch": 20,
        "test_balanced_acc": 0.710955710955711,
        "train_balanced_acc": 0.7638888888888888
    },
    "29:20": {
        "epoch": 20,
        "test_balanced_acc": 0.6247086247086248,
        "train_balanced_acc": 0.84
    },
    "2:20": {
        "epoch": 20,
        "test_balanced_acc": 0.6857031857031858,
        "train_balanced_acc": 0.9347619047619048
    },
    "30:20": {
        "epoch": 20,
        "test_balanced_acc": 0.5998445998445998,
        "train_balanced_acc": 0.8717122920021471
    },
    "31:20": {
        "epoch": 20,
        "test_balanced_acc": 0.6853146853146853,
        "train_balanced_acc": 0.7674603174603174
    },
    "32:20": {
        "epoch": 20,
        "test_balanced_acc": 0.7975912975912977,
        "train_balanced_acc": 0.8701298701298702
    },
    "33:20": {
        "epoch": 20,
        "test_balanced_acc": 0.8181818181818182,
        "train_balanced_acc": 0.8722222222222222
    },
    "34:20": {
        "epoch": 20,
        "test_balanced_acc": 0.7016317016317016,
        "train_balanced_acc": 0.8715828924162258
    },
    "35:20": {
        "epoch": 20,
        "test_balanced_acc": 0.7715617715617715,
        "train_balanced_acc": 0.9012345679012346
    },
    "36:20": {
        "epoch": 20,
        "test_balanced_acc": 0.6853146853146853,
        "train_balanced_acc": 0.84
    },
    "37:20": {
        "epoch": 20,
        "test_balanced_acc": 0.7626262626262627,
        "train_balanced_acc": 0.8568986568986569
    },
    "38:20": {
        "epoch": 20,
        "test_balanced_acc": 0.7622377622377622,
        "train_balanced_acc": 0.851046698872786
    },
    "39:20": {
        "epoch": 20,
        "test_balanced_acc": 0.8228438228438227,
        "train_balanced_acc": 0.8071428571428573
    },
    "3:20": {
        "epoch": 20,
        "test_balanced_acc": 0.7622377622377622,
        "train_balanced_acc": 0.842911877394636
    },
    "40:20": {
        "epoch": 20,
        "test_balanced_acc": 0.7160062160062161,
        "train_balanced_acc": 0.8846153846153846
    },
    "41:20": {
        "epoch": 20,
        "test_balanced_acc": 0.5951825951825951,
        "train_balanced_acc": 0.7955555555555556
    },
    "42:20": {
        "epoch": 20,
        "test_balanced_acc": 0.7668997668997669,
        "train_balanced_acc": 0.8900549725137431
    },
    "43:20": {
        "epoch": 20,
        "test_balanced_acc": 0.7925407925407925,
        "train_balanced_acc": 0.8567019400352733
    },
    "44:20": {
        "epoch": 20,
        "test_balanced_acc": 0.8531468531468532,
        "train_balanced_acc": 0.8603448275862068
    },
    "45:20": {
        "epoch": 20,
        "test_balanced_acc": 0.736985236985237,
        "train_balanced_acc": 0.8191919191919191
    },
    "46:20": {
        "epoch": 20,
        "test_balanced_acc": 0.7373737373737373,
        "train_balanced_acc": 0.7916947250280583
    },
    "47:20": {
        "epoch": 20,
        "test_balanced_acc": 0.5738150738150738,
        "train_balanced_acc": 0.8205128205128206
    },
    "48:20": {
        "epoch": 20,
        "test_balanced_acc": 0.7365967365967366,
        "train_balanced_acc": 0.8225308641975309
    },
    "49:20": {
        "epoch": 20,
        "test_balanced_acc": 0.6344211344211345,
        "train_balanced_acc": 0.8846153846153846
    },
    "4:20": {
        "epoch": 20,
        "test_balanced_acc": 0.6297591297591297,
        "train_balanced_acc": 0.8790123456790123
    },
    "5:20": {
        "epoch": 20,
        "test_balanced_acc": 0.6204351204351205,
        "train_balanced_acc": 0.8676543209876543
    },
    "6:20": {
        "epoch": 20,
        "test_balanced_acc": 0.8181818181818182,
        "train_balanced_acc": 0.8677890011223344
    },
    "7:20": {
        "epoch": 20,
        "test_balanced_acc": 0.7066822066822067,
        "train_balanced_acc": 0.7971739130434784
    },
    "8:20": {
        "epoch": 20,
        "test_balanced_acc": 0.5392385392385393,
        "train_balanced_acc": 0.7420634920634921
    },
    "9:20": {
        "epoch": 20,
        "test_balanced_acc": 0.7972027972027972,
        "train_balanced_acc": 0.8465121834687052
    }
}