{
    "t1": 0.30000000000000004,
    "t2": 1.4999999999999998
}