{
    "t1": 0.30000000000000004,
    "t2": 0.9999999999999999
}