{
    "t1": 0.30000000000000004,
    "t2": 1.3999999999999997
}